CCMSLIB00005723440	COC(=O)C(N)Cc1ccc(O)cc1	[M+H]+	35.0	Thermo Finnigan Elite Orbitrap
CCMSLIB00005725276	CCN(CC(COC(c(cccc1)c1NC(C(C)CC(O)=O)=O)=O)(CC1)C(C2OC)C3(C(CC(C4OC)C(C5)OC)C4C54O)C1OC)C3C24O	[M-H]-	35.0	Thermo Finnigan Elite Orbitrap
CCMSLIB00005725479	CN(CC1([C@H]2C3COC4C2)C=C)C3C1[C@]4(c(cccc1)c1N1)C1=O	[M-H]-	35.0	Thermo Finnigan Elite Orbitrap
CCMSLIB00005435757	O[C@H]1C[C@H](C=C2C=C[C@@H]([C@@H]([C@@H]12)CC[C@@H]3C[C@H](CC(O3)=O)OC(C)=O)C)C	[M+H]+	35.0	Thermo Finnigan Elite Orbitrap
CCMSLIB00005723521	CCC(=O)N(Cc1ccco1)C(CC)C(=O)NCc2ccccc2	[M+H]+	35.0	Thermo Finnigan Elite Orbitrap
CCMSLIB00009918901	OC1=CC(O)=CC(/C=C/C2=CC=C(C=C2)O[C@@H](C3=CC(OC)=CC(OC)=C3)[C@@H](OCC(C)C)C4=CC=C(O)C=C4)=C1	[M-H]-	35.0	Thermo Finnigan Elite Orbitrap
CCMSLIB00005723531	COc3ccc(C(C(=O)NCc1ccccc1)N(Cc2ccco2)C(=O)CCC(C)C)cc3	[M+H]+	35.0	Thermo Finnigan Elite Orbitrap
CCMSLIB00010013051	O=C(O)C(NC(CC(CCCCCCCCC)=O)=O)CCO	[M+H]+	35.0	Thermo Finnigan Elite Orbitrap
CCMSLIB00009918443	ClC(CCCC/C=C/CCC(N(C)[C@@H](COC)CO)=O)CCCCCCO	[M+H]+	35.0	Thermo Finnigan Elite Orbitrap
CCMSLIB00005724942	C[C@@](CCC1)(C(CC[C@@H](C2)C3=C)[C@@]2(CC2)[C@@H]3O)C2[C@@]1(C)C(O)=O	[M-H]-	35.0	Thermo Finnigan Elite Orbitrap
CCMSLIB00009918445	ClC(CCCC/C=C/CCC(N(C)[C@@H](COC)COC(C)=O)=O)CCCCCCOC(C)=O	[M+H]+	35.0	Thermo Finnigan Elite Orbitrap
CCMSLIB00009918875	OC1=CC(O)=CC([C@@H]([C@@H](OC(C)C)C2=CC=C(O)C=C2)OC(C=C3)=CC=C3/C=C/C4=CC(OC)=CC(OC)=C4)=C1	[M-H]-	35.0	Thermo Finnigan Elite Orbitrap
CCMSLIB00005725321	CC[C@H](C(C[C@@H]1N2CCc3c1[nH]c1c3cccc1)/C(/C(OC)=O)=C\OC)C2=O	[M+H]+	35.0	Thermo Finnigan Elite Orbitrap
CCMSLIB00009918905	OC1=CC(O)=CC([C@@H]([C@@H](OCC(C)C)C2=CC=C(O)C=C2)OC(C=C3)=CC=C3/C=C/C4=CC(OC)=CC(OC)=C4)=C1	[M-H]-	35.0	Thermo Finnigan Elite Orbitrap
CCMSLIB00005723538	CC(C)CCC(=O)N(Cc1ccco1)C(C(=O)NCc2ccccc2)c3cccnc3	[M+H]+	35.0	Thermo Finnigan Elite Orbitrap
CCMSLIB00004722158	CC1(C(C1(C)C)C(=O)C2=CN(C3=CC=CC=C32)CCCC(CF)O)C	[M+H]+	35.0	Thermo Finnigan Elite Orbitrap
CCMSLIB00010129241	OC(C=C1)=CC=C1[C@@H](O2)[C@@H](C3=CC(O)=CC(O)=C3)C4=C2C=CC(/C=C/C5=CC(O)=CC(OC)=C5)=C4	[M-H]-	35.0	Thermo Finnigan Elite Orbitrap
CCMSLIB00005725444	CN(CC1)C(CC(C=C2)(C=CC2=O)c2c3OC)c2c1cc3O	[M-H]-	35.0	Thermo Finnigan Elite Orbitrap
CCMSLIB00003142443	OC1=CC(C(CCNC(CCCCCCCCCCCCCCCCCCC)=O)=CN2)=C2C=C1	[M+H]+	35.0	Thermo Finnigan Elite Orbitrap
CCMSLIB00009918878	OC1=CC=C([C@H]2C3=C([C@@]([C@@H]2C4=CC(O)=CC(O)=C4)([H])C(C5=CC=C(C=C5)O)OC)C=C(C=C3O)O)C=C1	[M-H]-	35.0	Thermo Finnigan Elite Orbitrap
CCMSLIB00005725249	CC(C)C(CCC1(C)C2)OC11OC2C(C(OC)=O)=CC1O	[M+H]+	35.0	Thermo Finnigan Elite Orbitrap
CCMSLIB00011427199	O=C(O)[C@@H](O)[C@]1(O)[C@@H](C)[C@H](OC)[C@@](C)(OC)[C@@](C[C@@](C[C@@H](OC)[C@H]2C)([H])O[C@]32[C@@H](C)[C@H](OC)[C@](C)([C@]4([H])CC[C@@]([C@]5([H])O[C@]([C@]6([H])[C@@H](C)[C@H](O[C@@]7([H])C[C@@H](O)[C@H](OC)[C@@H](C)O7)[C@@H](C)[C@@](C)(O)O6)([H])CC5)([H])O4)O3)([H])O1	[M-H]-	35.0	Thermo Finnigan Elite Orbitrap
CCMSLIB00005723447	CCCCOC(=O)C(N)Cc1c[nH]c2ccccc12	[M+H]+	35.0	Thermo Finnigan Elite Orbitrap
CCMSLIB00005464626	C[C@H]1C(=O)NCCC(=O)O[C@@H](C(=O)N2CCC[C@H]2C(=O)N[C@H](C(=O)N([C@H](C(=O)N1C)C(C)C)C)C(C)C)CC=C	[M+H]+	35.0	Thermo Finnigan Elite Orbitrap
CCMSLIB00005721033	C(C(C(C(C(C(=O)CO)O)O)O)O)OP(=O)(O)O	[M-H]-	35.0	Thermo Finnigan Elite Orbitrap
CCMSLIB00005724900	CC(C)(C1CC2)C2(C)CC1OC(/C=C/c(cc1)ccc1O)=O	[M-H]-	35.0	Thermo Finnigan Elite Orbitrap
CCMSLIB00010013066	CCC(C)C(N1CC2=C(C1=O)C(C)=C(O)C(O)=C2O)C(O)=O	[M+H]+	35.0	Thermo Finnigan Elite Orbitrap
CCMSLIB00009918872	OC1=CC(O)=CC(/C=C/C2=CC=C(C=C2)O[C@@H](C3=CC(OC)=CC(OC)=C3)[C@@H](OC(C)C)C4=CC=C(O)C=C4)=C1	[M-H]-	35.0	Thermo Finnigan Elite Orbitrap
CCMSLIB00005466091	COCN(COC)C1=NC(=NC(=N1)N(COC)COC)N(COC)COC	[M+H]+	35.0	Thermo Finnigan Elite Orbitrap
CCMSLIB00005721035	C1C=CN(C=C1C(=O)N)C2C(C(C(O2)COP(=O)(O)OP(=O)(O)OCC3C(C(C(O3)N4C=NC5=C(N=CN=C54)N)OP(=O)(O)O)O)O)O	[M-H]-	35.0	Thermo Finnigan Elite Orbitrap
CCMSLIB00005463534	O=C(C1=C(C=CC=C1)N)C[C@H](N([H])C(C)=O)C(O[C@@H](CC(O)=O)[C@@]2([H])N(C([C@@H](N)C(C)CC)=O)CC[C@H]2OC(C)=O)=O	[M+H]+	35.0	Thermo Finnigan Elite Orbitrap
CCMSLIB00005724809	COc(c(OC)c1)cc(C=O)c1[N+]([O-])=O	[M+H]+	35.0	Thermo Finnigan Elite Orbitrap
CCMSLIB00010129256	OC(C=C1)=CC=C1[C@@H](O2)[C@@H](C3=CC(OC)=CC(OC)=C3)C4=C2C=CC(/C=C/C5=C(Br)C(OC)=CC(OC)=C5)=C4	[M-H]-	35.0	Thermo Finnigan Elite Orbitrap
CCMSLIB00010129514	C[C@]12CC[C@@](C[C@H]1[C@@]3(CC[C@]4(C5=CC(=C(C(=C5C(=O)C=C4[C@]3(CC2)C)C=O)O)O)C)C)(C)C(=O)O	[M+H]+	35.0	Thermo Finnigan Elite Orbitrap
CCMSLIB00005725491	CCC(C(c(c(O)c(CC=C(C)C)c(O)c1C(CC(C)C)=O)c1O1)=CC1=O)O	[M+H]+	35.0	Thermo Finnigan Elite Orbitrap
CCMSLIB00003740022	C[C@@H](C(=O)O)N	[M+H]+	35.0	Thermo Finnigan Elite Orbitrap
CCMSLIB00005720256	O=C(N[C@@H](CC(C)C)C(N[C@H](CC(C)C)C(N[C@H]1CC(C)C)=O)=O)[C@H](C(C)C)NC([C@@H](CC2=CC=CC=C2)NC([C@@H](C(C)C)NC1=O)=O)=O	[M+H]+	35.0	Thermo Finnigan Elite Orbitrap
CCMSLIB00005723692	O=C(CC(N[C@@H]1C(OCC1)=O)=O)CCCCCCCCCC	[M+H]+	35.0	Thermo Finnigan Elite Orbitrap
CCMSLIB00005723501	CCCCN(C(=O)CCC)C(CC)C(=O)NCc1ccccc1	[M+H]+	35.0	Thermo Finnigan Elite Orbitrap
CCMSLIB00008851460	C[C@@H]1CC[C@@H]2[C@@]([C@@]13CC4=C(C=C5C(=C4O3)COC5=O)O)(CC[C@H](C2(C)C)O)C	[M+H]+	35.0	Thermo Finnigan Elite Orbitrap
CCMSLIB00005723694	O=C1C=C(CCCCCCCCC)NC2=C1C=CC=C2	[M+H]+	35.0	Thermo Finnigan Elite Orbitrap
CCMSLIB00006717997	O[C@H](C1=CC(O)=C(O)C=C1)[C@H](O2)OC3=C2C=CC(/C=C/C(O)=O)=C3	[M-H]-	35.0	Thermo Finnigan Elite Orbitrap
CCMSLIB00006126859	CC1CCC2(C(CCCO2)C)OC1C(C)CC(C3C(=C)C(C4C(O3)CCC5(O4)CCC(O5)C=CC(C)C6CC(=CC7(O6)C(CCC(O7)CC(C)(C(=O)O)O)O)C)O)O	[M-H]-	35.0	Thermo Finnigan Elite Orbitrap
CCMSLIB00003142445	OC1=CC(C(CCNC(CCCCCCCCCCCCCCCCCCCCCCC)=O)=CN2)=C2C=C1	[M+H]+	35.0	Thermo Finnigan Elite Orbitrap
CCMSLIB00005724313	C1C(N=C(S1)C2=CC=CC=C2O)CO	[M+H]+	35.0	Thermo Finnigan Elite Orbitrap
CCMSLIB00005724435	CC(C)=CCC(Cc(c(OC(CC1=O)c(ccc(O)c2)c2O)c1c(OC)c1)c1O)C(C)=C	[M-H]-	35.0	Thermo Finnigan Elite Orbitrap
CCMSLIB00006126860	CC1CCCOC12CCCC(O2)C(C)CC(C3C(=C)C(C4C(O3)CCC5(O4)CCC(O5)C=CC(C)C6CC(=CC7(O6)C(CCC(O7)CC(C)(C(=O)O)O)O)C)O)O	[M-H]-	35.0	Thermo Finnigan Elite Orbitrap
CCMSLIB00005723477	CCC(C(=O)NC1CCCCC1)N(C=O)Cc2ccco2	[M+H]+	35.0	Thermo Finnigan Elite Orbitrap
CCMSLIB00010129271	OC1=CC=C([C@H](O2)[C@H](C3=CC(OC)=CC(OC)=C3)C4=C2C=CC(/C=C/C5=CC(O)=C(I)C(O)=C5)=C4)C=C1	[M-H]-	35.0	Thermo Finnigan Elite Orbitrap
CCMSLIB00005725017	CC(C)C(CCC(C)(C1)O2)C1C1=C2OC(CC(CCc2ccccc2)OC(C)=O)=CC1=O	[M-H]-	35.0	Thermo Finnigan Elite Orbitrap
CCMSLIB00005723533	O=CN(Cc1ccco1)C(C(=O)NCc2ccccc2)c3cccnc3	[M+H]+	35.0	Thermo Finnigan Elite Orbitrap
CCMSLIB00005724542	COC(C(Cc(cc1O)c2cc1O)(CO1)O)C2(C=C2)C1=CC2=O	[M+H]+	35.0	Thermo Finnigan Elite Orbitrap
CCMSLIB00005720258	O=C(N[C@@H](CC(C)C)C(N[C@H](CC(C)C)C(N[C@H]1[C@@H](C)CC)=O)=O)[C@H]([C@@H](C)CC)NC([C@@H]([C@@H](C)CC)NC([C@H](CC(C)C)NC1=O)=O)=O	[M+H]+	35.0	Thermo Finnigan Elite Orbitrap
CCMSLIB00005723464	CCCCN(C(C)=O)C(C(=O)NC1CCCCC1)c2ccc(OC)cc2	[M+H]+	35.0	Thermo Finnigan Elite Orbitrap
CCMSLIB00000579271	NCCCCC1NC(C(NC(C(NC(C(C)NC(C(NC(C(NC(C(NC(C(NC1=O)C(CC)C)=O)Cc2ccccc2)=O)CC(C)C)=O)C(CC)C)=O)=O)C(CC)C)=O)C(CC)C)=O	[M+H]+	35.0	Thermo Finnigan Elite Orbitrap
CCMSLIB00010129274	OC(C=C1)=CC=C1[C@@H](O2)[C@@H](C3=CC(OC)=CC(OC)=C3)C4=C2C=CC(/C=C/C5=C(I)C(OC)=CC(OC)=C5)=C4	[M-H]-	35.0	Thermo Finnigan Elite Orbitrap
CCMSLIB00006718003	OC1=C(OC)C=C(/C=C([C@@H]([C@H]2C3=CC(O)=C(O)C=C3/C=C/C(O)=O)C4=CC=C(O)C(OC)=C4)/C(O2)=O)C=C1	[M-H]-	35.0	Thermo Finnigan Elite Orbitrap
CCMSLIB00005723504	C/C=C/C(=O)N(CCCC)C(CC)C(=O)NCc1ccccc1	[M+H]+	35.0	Thermo Finnigan Elite Orbitrap
CCMSLIB00005725422	CN(CC1)C(C2)c3c1ccc(O)c3Oc1c2cc2OCOc2c1	[M+H]+	35.0	Thermo Finnigan Elite Orbitrap
CCMSLIB00011291102	O=C(O)[C@@H](O)[C@]1(O)[C@@H](C)[C@H](OC)[C@@](C)(OC)[C@@](C[C@@](C[C@@H](OC)[C@H]2C)([H])O[C@]32[C@@H](C)[C@H](OC)[C@](C)([C@]4([H])CC[C@@]([C@]5([H])O[C@]([C@]6([H])[C@@H](C)[C@H](O)[C@@H](C)[C@@](C)(OC)O6)([H])CC5)([H])O4)O3)([H])O1	[M-H]-	35.0	Thermo Finnigan Elite Orbitrap
CCMSLIB00010129267	OC(C=C1)=CC=C1[C@@H](O2)[C@@H](C3=CC(OC)=CC(OC)=C3)C4=C2C=CC(/C=C/C5=C(Cl)C(OC)=CC(OC)=C5)=C4	[M-H]-	35.0	Thermo Finnigan Elite Orbitrap
CCMSLIB00010129508	C[C@]12CC[C@@](C[C@H]1[C@@]3(CC[C@]4(C5=CC(=C(C(=C5C(=O)C=C4[C@]3(CC2)C)C=O)O)O)C)C)(C)C(=O)OC	[M+H]+	35.0	Thermo Finnigan Elite Orbitrap
CCMSLIB00010013039	O=C(O)C(NC(CCCCC)=O)CCO	[M+H]+	35.0	Thermo Finnigan Elite Orbitrap
CCMSLIB00005434455	CCCC1=NN(C2=C1N=C(NC2=O)C3=C(C=CC(=C3)S(=O)(=O)N4CCN(CC4)C)OCC)C	[M-H]-	35.0	Thermo Finnigan Elite Orbitrap
CCMSLIB00010128700	OC(CC[C@H]1[C@@H](C2=N/C1=C(CC3=O)\C4=C3C(C)=C(N4)/C=C5N=C(C(C)=C\5CC)/C=C(N/6)/C(CO)=C(C6=C\2)C)C)=O	[M+H]+	35.0	Thermo Finnigan Elite Orbitrap
CCMSLIB00005691881	CC[C@H](C)[C@H]1C(=O)N([C@H](C(=O)N([C@H](C(=O)NCCC(=O)O[C@@H](C(=O)N2CCC[C@H]2C(=O)N1)CC(C)C(=O)O)C)C)C(C)C)C	[M+H]+	35.0	Thermo Finnigan Elite Orbitrap
CCMSLIB00005788119	C[CH](CCC(N[CH](CCC(N)=O)C(O)=O)=O)[CH]1CC[C]2([H])[C]3([H])[CH](O)C[C]4([H])C[CH](O)CC[C]4(C)[CH]3CC[C]21C	[M+H]+	35.0	Thermo Finnigan Elite Orbitrap
CCMSLIB00004679269	OC1=CC(CCC)=CC(O)=C1CCCCCC	[M+H]+	35.0	Thermo Finnigan Elite Orbitrap
CCMSLIB00006581618	C[C@]12CC[C@@H](C[C@@H]1CC[C@@H]3[C@@H]2CC[C@]4([C@@]3(CC[C@@H]4C5=CC(=O)OC5)O)C)O[C@H]6[C@@H]([C@H]([C@@H]([C@H](O6)CO[C@H]7[C@@H]([C@H]([C@@H]([C@H](O7)CO)O)O)O)O)O)O	[M+H]+	35.0	Thermo Finnigan Elite Orbitrap
CCMSLIB00009918918	OC1=CC=C([C@H]2C3=C([C@@]([C@@]([H])(C4=CC=C(C=C4)O)OC)([C@@H]2C5=CC(OC)=CC(OC)=C5)[H])C=C(C=C3OC)OC)C=C1	[M-H]-	35.0	Thermo Finnigan Elite Orbitrap
CCMSLIB00011281716	O=C(O)[C@@H](O)[C@]1(O)[C@@H](C)[C@H](OC)[C@@](C)(OC)[C@@](C[C@@](C[C@@H](OC)[C@H]2C)([H])O[C@]32[C@@H](C)C[C@](C)([C@]4([H])CC[C@@]([C@]5([H])O[C@]([C@]6([H])[C@@H](C)[C@H](O[C@@]7([H])CC[C@H](OC)[C@@H](C)O7)[C@@H](C)[C@@](C)(O)O6)([H])CC5)([H])O4)O3)([H])O1	[M-H]-	35.0	Thermo Finnigan Elite Orbitrap
CCMSLIB00005725366	C[C@H]([C@H](C[C@H](C[C@]12C(OC)=O)C3)C2N3CCc2c1[nH]c1c2cccc1)O	[M+H]+	35.0	Thermo Finnigan Elite Orbitrap
CCMSLIB00010013009	OC(CC(NCC(O)=O)=C/1OC)(CO)CC1=N/C(C(O)=O)CO	[M+H]+	35.0	Thermo Finnigan Elite Orbitrap
CCMSLIB00006718000	O=C1[C@]2([H])[C@](C(O[C@H]2C3=CC=C(O)C(O)=C3)=O)([H])[C@H](C4=CC=C(O)C(O)=C4)O1	[M-H]-	35.0	Thermo Finnigan Elite Orbitrap
CCMSLIB00004681479	CC1=CC(=O)C2=C(O1)C=C3C=C(C=C(C3=C2O)O)OC	[M+H]+	35.0	Thermo Finnigan Elite Orbitrap
CCMSLIB00009918874	OC1=CC=C([C@H]2C3=C([C@]([C@@H]2C4=CC(OC)=CC(OC)=C4)([C@@](C5=CC=C(C=C5)O)([H])OC(C)C)[H])C=C(C=C3OC)OC)C=C1	[M-H]-	35.0	Thermo Finnigan Elite Orbitrap
CCMSLIB00009918419	COC1=C(C=CC(=C1)C2=C(C(=O)C3=C(C(=C(C=C3O2)OC)O)O)OC)O	[M-H]-	35.0	Thermo Finnigan Elite Orbitrap
CCMSLIB00009918912	OC1=CC=C([C@H]2C3=C([C@@]([C@@]([H])(C4=CC=C(C=C4)O)OC)([C@@H]2C5=CC(OC)=CC(OC)=C5)[H])C=C(C=C3O)O)C=C1	[M-H]-	35.0	Thermo Finnigan Elite Orbitrap
CCMSLIB00005787996	CC(CCC(=O)NC(CC(=O)N)C(=O)O)C1CCC2C1(C(CC3C2C(CC4C3(CCC(C4)O)C)O)O)C	[M+H]+	35.0	Thermo Finnigan Elite Orbitrap
CCMSLIB00010013014	OC(CC(NC(C(C)O)C(O)=O)=C/1OC)(CO)CC1=N/C	[M+H]+	35.0	Thermo Finnigan Elite Orbitrap
CCMSLIB00010129265	OC(C=C1)=CC=C1[C@@H](O2)[C@@H](C3=C(Cl)C(O)=CC(O)=C3)C4=C2C=CC(/C=C/C5=CC(OC)=CC(OC)=C5)=C4	[M-H]-	35.0	Thermo Finnigan Elite Orbitrap
CCMSLIB00009918899	OC1=CC(O)=CC(/C=C/C2=CC=C(C=C2)O[C@@H](C3=CC(O)=CC(O)=C3)[C@@H](OCC(C)C)C4=CC=C(O)C=C4)=C1	[M-H]-	35.0	Thermo Finnigan Elite Orbitrap
CCMSLIB00010129487	O=C(C(N1)CC2=CNC3=C2C=CC=C3)NC([C@@H](O)C)C1=O	[M-H]-	35.0	Thermo Finnigan Elite Orbitrap
CCMSLIB00011428643	[H][C@]1([C@H](CC2=CNC3=CC=CC=C32)NC4=O)[C@]4(C5=O)[C@@H](/C=C/C[C@H](C)[C@]6([H])[C@@](C(C(O)=C6C)=O)([H])C5)C(O7)[C@@]7(C)[C@H]1C	[M+H]+	35.0	Thermo Finnigan Elite Orbitrap
CCMSLIB00005723527	COc3ccc(C(C(=O)NCc1ccccc1)N(Cc2ccco2)C(C)=O)cc3	[M+H]+	35.0	Thermo Finnigan Elite Orbitrap
CCMSLIB00010011962	COC1=C(Br)[C@H](O)[C@@]2(ON=C(C(NCCCOC3=C(Br)C=C(CCN)C=C3Br)=O)C2)C=C1Br	[M+H]+	35.0	Thermo Finnigan Elite Orbitrap
CCMSLIB00010129266	OC(C=C1)=CC=C1[C@@H](O2)[C@@H](C3=CC(O)=CC(O)=C3)C4=C2C=CC(/C=C/C5=C(Cl)C(OC)=CC(OC)=C5)=C4	[M-H]-	35.0	Thermo Finnigan Elite Orbitrap
CCMSLIB00009918427	CC(C(=O)C1CC1C(C2CC=CC(=O)O2)O)OC(=O)C=CC3=CC=C(C=C3)O	[M+H]+	35.0	Thermo Finnigan Elite Orbitrap
CCMSLIB00010011904	O=C(O)C1NC(C(CC2=CC=CC=C2)NC(C(C(C)CC)NC(C(C3OC(C=C4)=CC=C4C1)N(CC3)C(C5N(C(C(C(C)C)N)=O)CCC5)=O)=O)=O)=O	[M+H]+	35.0	Thermo Finnigan Elite Orbitrap
CCMSLIB00005723518	C/C=C/C(=O)N(CCCC)C(C(=O)NCc1ccccc1)c2cccnc2	[M+H]+	35.0	Thermo Finnigan Elite Orbitrap
CCMSLIB00009918859	OC1=CC=C([C@H]2C3=C([C@]([C@@H]2C4=CC(O)=CC(O)=C4)([C@@](C5=CC=C(C=C5)O)([H])OC(C)C)[H])C=C(C=C3O)O)C=C1	[M-H]-	35.0	Thermo Finnigan Elite Orbitrap
CCMSLIB00005724473	CCC(C)C(C1=C(O)OC2=C(C(CC(O)=O)c3ccccc3)C(C)(C)C(CCC(C)(C)NC(C)=O)CC2(CC=C(C)C)C1=O)=O	[M-H]-	35.0	Thermo Finnigan Elite Orbitrap
CCMSLIB00005721037	C(C(=O)COP(=O)(O)O)O	[M-H]-	35.0	Thermo Finnigan Elite Orbitrap
CCMSLIB00008851463	C/C/1=C\2/[C@H]3[C@@H](C(=O)O2)[C@@](O[C@@H]3/C(=C\C[C@H]4C(=CC(=O)O[C@@]4(CC1)C)C(C)C)/C)(C)O	[M-H]-	35.0	Thermo Finnigan Elite Orbitrap
CCMSLIB00008851462	C/C/1=C\2/[C@H]3[C@@H](C(=O)O2)[C@@](O[C@H]3/C(=C\C[C@H]4C(=C(C(=O)O[C@@]4(CC1)C)OC)C(C)C)/C)(C)O	[M-H]-	35.0	Thermo Finnigan Elite Orbitrap
CCMSLIB00011428637	[H][C@]1([C@H](CC2=CNC3=CC=CC=C32)NC4=O)[C@]4(C(CCC(O)C5=O)=O)[C@@H](/C=C/C[C@H](C)/C=C5\C)C(O)[C@@](O)(C)[C@H]1C	[M+H]+	35.0	Thermo Finnigan Elite Orbitrap
CCMSLIB00010127353	COC1=C(C2=C(CC3C4=CC5=C(C=C4CCN3C2)OCO5)C=C1)OC	[M+H]+	35.0	Thermo Finnigan Elite Orbitrap
CCMSLIB00005723468	CCCCN(C(=O)CCC(C)C)C(C(=O)NC1CCCCC1)c2ccc(OC)cc2	[M+H]+	35.0	Thermo Finnigan Elite Orbitrap
CCMSLIB00011427195	O=C(O)[C@@H](O)[C@]1(O)[C@@H](C)[C@H](O)[C@@](C)(OC)[C@@](C[C@@](C[C@@H](OC)[C@H]2C)([H])O[C@]32[C@@H](C)[C@H](OC)[C@](C)([C@]4([H])CC[C@@]([C@]5([H])O[C@]([C@]6([H])[C@@H](C)[C@H](O[C@@]7([H])C[C@@H](O)[C@H](OC)[C@@H](C)O7)[C@@H](C)[C@@](C)(O)O6)([H])CC5)([H])O4)O3)([H])O1	[M-H]-	35.0	Thermo Finnigan Elite Orbitrap
CCMSLIB00005436088	CC1(C)[C@H](O)CC[C@]([C@@]1([H])CC[C@H]2C)(C)[C@]32CC4=C(O)C=C5C(COC5=O)=C4O3	[M+H]+	35.0	Thermo Finnigan Elite Orbitrap
CCMSLIB00009918884	OC1=CC=C([C@H]2C3=C([C@@]([C@@]([H])(C4=CC=C(C=C4)O)OCCCC)([C@@H]2C5=CC(OC)=CC(OC)=C5)[H])C=C(C=C3O)O)C=C1	[M-H]-	35.0	Thermo Finnigan Elite Orbitrap
CCMSLIB00005725483	CC[C@@H]1NC(C[C@](C2OC3)(c(ccc(OC)c4)c4N4OC)C4=O)C3C1[C@H]2O	[M+H]+	35.0	Thermo Finnigan Elite Orbitrap
CCMSLIB00011428630	C[C@@H]([C@H]1C)C([C@H](/C=C/C[C@H](C)/C=C(C)/[C@H]2O)[C@@]3(C(/C=C/C2=O)=O)[C@]1([H])[C@H](CC4=CNC5=CC=CC=C54)NC3=O)=O	[M+H]+	35.0	Thermo Finnigan Elite Orbitrap
CCMSLIB00006585022	C1=CC=C(C=C1)C2=CC(=O)C3=C(O2)C(=C(C=C3O)OC4C(C(C(C(O4)C(=O)O)O)O)O)O	[M-H]-	35.0	Thermo Finnigan Elite Orbitrap
CCMSLIB00005724892	CC(C)C(C(C=C(CO)C1=O)OC(C)=O)C1OC(/C(/C)=C/COC(C)=O)=O	[M-H]-	35.0	Thermo Finnigan Elite Orbitrap
CCMSLIB00005725296	CCN(CC(COC(c(cccc1)c1NC(CCC(O)=O)=O)=O)(CC1)C(C2OC)C3(C(CC(C4OC)C(C5)OC)C4C54O)C1OC)C3C24O	[M-H]-	35.0	Thermo Finnigan Elite Orbitrap
CCMSLIB00005724427	CC(C)=CCc(c(O)c(c(OC(c(cc1)ccc1O)=C1O)c2)C1=O)c2O	[M-H]-	35.0	Thermo Finnigan Elite Orbitrap
CCMSLIB00005725343	CCC(CC1CC2(C(OC)=O)c3c(CC4)c(cccc5)c5[nH]3)C2N4C1OC	[M+H]+	35.0	Thermo Finnigan Elite Orbitrap
CCMSLIB00005723443	CCCCOC(=O)C(N)Cc1ccc(O)cc1	[M+H]+	35.0	Thermo Finnigan Elite Orbitrap
CCMSLIB00005723469	C/C=C/C(=O)N(CCCC)C(C(=O)NC1CCCCC1)c2ccc(OC)cc2	[M+H]+	35.0	Thermo Finnigan Elite Orbitrap
CCMSLIB00005724488	COc(cc(cc1)C(Oc(c(C2=O)c3O)cc(OC)c3OC)=C2OC)c1O	[M-H]-	35.0	Thermo Finnigan Elite Orbitrap
CCMSLIB00005725393	CC(CC(C(CC1)N(CCC2)C1C(C1C)C2O/C1=C(/C(OC)=C1C)\OC1=O)O1)C1=O	[M+H]+	35.0	Thermo Finnigan Elite Orbitrap
CCMSLIB00009918428	CC(C(=O)C1CC1C(C2CC=CC(=O)O2)O)OC(=O)C=CC3=CC(=C(C=C3)O)O	[M-H]-	35.0	Thermo Finnigan Elite Orbitrap
CCMSLIB00009918908	OC1=CC=C([C@H](OCC(C)C)[C@H](C2=CC(OC)=CC(OC)=C2)OC(C=C3)=CC=C3/C=C/C4=CC(OC)=CC(OC)=C4)C=C1	[M-H]-	35.0	Thermo Finnigan Elite Orbitrap
CCMSLIB00010013068	COC(=O)C(CC1=CC=CC=C1)N1CC2=C(C1=O)C(O)=C(O)C(O)=C2C	[M+H]+	35.0	Thermo Finnigan Elite Orbitrap
CCMSLIB00005723505	CCCCN(C=O)C(C(=O)NCc1ccccc1)c2ccc(OC)cc2	[M+H]+	35.0	Thermo Finnigan Elite Orbitrap
CCMSLIB00004722199	CC(C1CCC2C1(C)C(O)CC3C2C(O)CC4C3(C)CCC(O)C4)CCC(NC(CO)C(O)=O)=O	[M+H]+	35.0	Thermo Finnigan Elite Orbitrap
CCMSLIB00006581620	O=C(OC=C1C([C@@]([C@]2(CO3)C4=C5C(C)=CC(O)=C4C3=O)([H])[C@]6(OC)[C@@]([C@@H]2OC(C)=O)([H])C5=O)=O)C7=C1C6=C(C)C=C7O	[M+H]+	35.0	Thermo Finnigan Elite Orbitrap
CCMSLIB00005724834	CC(C)(CC1)CC(C(C)(CCC2C3(C)CCC(C(C)(C)C4OC(c(cc5)ccc5O)=O)C2(C)CC4OC(c(cc2)ccc2O)=O)C3=CC2)C12C(O)=O	[M+H]+	35.0	Thermo Finnigan Elite Orbitrap
CCMSLIB00010129270	OC1=CC=C([C@H](O2)[C@H](C3=CC(OC)=CC(OC)=C3)C4=C2C=CC(/C=C/C5=C(I)C(O)=CC(O)=C5)=C4)C=C1	[M-H]-	35.0	Thermo Finnigan Elite Orbitrap
CCMSLIB00005716880	CCCC1CC(C(NC(C(Cl)C)C2C(O)C(O)C(O)C(S(C)=O)O2)=O)[N+](C)([O-])C1	[M+H]+	35.0	Thermo Finnigan Elite Orbitrap
CCMSLIB00005724820	CCCCCCCCCCCCCCC(C(CCC(C1OC(CCCCCC(CC2=CC(C)OC2=O)O)CC1)O)O)O	[M+H]+	35.0	Thermo Finnigan Elite Orbitrap
CCMSLIB00005724470	CCC(C)C(C1=C(O)OC2=C(C(CC(O)=O)c3ccccc3)C(C)(C)C(CCC(C)(C)OC(C(F)(F)F)=O)CC2(CC=C(C)C)C1=O)=O	[M-H]-	35.0	Thermo Finnigan Elite Orbitrap
CCMSLIB00010129239	OC(C=C1)=CC=C1[C@@H](O2)[C@@H](C3=CC(OC)=CC(OC)=C3)C4=C2C=CC(/C=C\C5=CC(OC)=CC(OC)=C5)=C4	[M-H]-	35.0	Thermo Finnigan Elite Orbitrap
CCMSLIB00010013019	COC1=C(CC(CC1=NCC(=O)O)(CO)O)N	[M+H]+	35.0	Thermo Finnigan Elite Orbitrap
CCMSLIB00005724471	CCC(C)C(C1=C(O)OC2=C(C(CC(O)=O)c3ccccc3)C(C)(C)C(CCC(C)(C)O)CC2(CC=C(C)C)C1=O)=O	[M-H]-	35.0	Thermo Finnigan Elite Orbitrap
CCMSLIB00005720257	O=C(N[C@@H](CC(C)C)C(N[C@H](CC(C)C)C(N[C@H]1CC2=CC=C(O)C=C2)=O)=O)[C@H]([C@H](CC)C)NC([C@@H](CC3=CC=C(O)C=C3)NC([C@@H]([C@H](CC)C)NC1=O)=O)=O	[M+H]+	35.0	Thermo Finnigan Elite Orbitrap
CCMSLIB00005724475	CCC(C)C(C1=C(O)OC2=C(C(CC(O)=O)c3ccccc3)C(C)(C)C(CC=C(C)C)CC2(CC=C(C)C)C1=O)=O	[M-H]-	35.0	Thermo Finnigan Elite Orbitrap
CCMSLIB00010128918	O=C(C(N1)CC2=CNC3=CC=CC=C32)NC([C@@H](O)C)C1=O	[M-H]-	35.0	Thermo Finnigan Elite Orbitrap
CCMSLIB00005723479	CCC(=O)N(Cc1ccco1)C(CC)C(=O)NC2CCCCC2	[M+H]+	35.0	Thermo Finnigan Elite Orbitrap
CCMSLIB00010129264	OC(C=C1)=CC=C1[C@@H](O2)[C@@H](C3=C(Cl)C(O)=CC(O)=C3)C4=C2C=CC(/C=C/C5=C(Cl)C(OC)=CC(OC)=C5)=C4	[M-H]-	35.0	Thermo Finnigan Elite Orbitrap
CCMSLIB00009918863	[H][C@]12[C@]([H])([C@@H](C3=CC=C(C=C3)O)C4=C(C=C(C=C42)OC)OC)C5=C([C@H]1C6=CC=C(C=C6)O)C(O)=CC(O)=C5	[M-H]-	35.0	Thermo Finnigan Elite Orbitrap
CCMSLIB00005723465	CCCCN(C(=O)CC)C(C(=O)NC1CCCCC1)c2ccc(OC)cc2	[M+H]+	35.0	Thermo Finnigan Elite Orbitrap
CCMSLIB00005723470	CCCCN(C=O)C(C(=O)NC1CCCCC1)c2cccnc2	[M+H]+	35.0	Thermo Finnigan Elite Orbitrap
CCMSLIB00005723481	CCCCC(=O)N(Cc1ccco1)C(CC)C(=O)NC2CCCCC2	[M+H]+	35.0	Thermo Finnigan Elite Orbitrap
CCMSLIB00005691902	CCC(C)C1C(=O)N(C(C(=O)N(C(C(=O)NCCC(=O)O[C@@H](C(=O)N2CCC[C@H]2C(=O)N1)CC=C)C)C)C(C)CC)C	[M+H]+	35.0	Thermo Finnigan Elite Orbitrap
CCMSLIB00009918920	OC1=CC(O)=CC(/C=C/C2=CC=C(C=C2)O[C@@H](C3=CC(O)=CC(O)=C3)[C@@H](OCC)C4=CC=C(O)C=C4)=C1	[M-H]-	35.0	Thermo Finnigan Elite Orbitrap
CCMSLIB00005691883	CCC(C)[C@H]1C(=O)N([C@H](C(=O)N([C@H](C(=O)NCCC(=O)O[C@@H](C(=O)N2CCCC[C@H]2C(=O)N1)CC3CO3)C)C)C(C)C)C	[M+H]+	35.0	Thermo Finnigan Elite Orbitrap
CCMSLIB00005724413	COC(C(Cc(cc1O)c2cc1O)(CO1)O)C2(C=C2)C1=CC2=O	[M-H]-	35.0	Thermo Finnigan Elite Orbitrap
CCMSLIB00005725437	CN(CC1)[C@@H](Cc(cc2)cc(-c(cc(C[C@@H](c3c4)NCCc3cc3c4Oc4c5O3)cc3)c3O)c2OC)c4c1c(O)c5OC	[M+H]+	35.0	Thermo Finnigan Elite Orbitrap
CCMSLIB00010011956	COC1=C(Br)[C@H](O)[C@@]2(ON=C(C(NCCCCNC(C3=NO[C@]4(C=C(Br)C(OC)=C(Br)[C@@H]4O)C3)=O)=O)C2)C=C1Br	[M+H]+	35.0	Thermo Finnigan Elite Orbitrap
CCMSLIB00006126858	CC1CC23CCC(=C(C2C=C(C(CC4CCC5(O4)CCC6(O5)C(CCC(O6)CC(=C)CCCC3=NCC1C)(C)O)O)C)C)C7C=C(C(=O)O7)C	[M+H]+	35.0	Thermo Finnigan Elite Orbitrap
CCMSLIB00005724440	C/C=C(\C([C@@]1(C=C[C@H]2[C@@H]11)O3)O[C@H]1OC=C2C(OC)=O)/C3=O	[M-H]-	35.0	Thermo Finnigan Elite Orbitrap
CCMSLIB00009918877	OC(C=C1)=CC=C1[C@@H](O2)[C@@H](C3=CC(OC)=CC(OC)=C3)C4=C2C=CC(/C=C/C5=CC(OC)=CC(OC)=C5)=C4	[M-H]-	35.0	Thermo Finnigan Elite Orbitrap
CCMSLIB00005436197	[H][C@@]1(CO)OC(O)[C@@]([H])(O)[C@@]([H])(O)[C@@]1([H])O	[M-H]-	35.0	Thermo Finnigan Elite Orbitrap
CCMSLIB00005725473	CC[C@@H]1NC(C[C@]2(c(ccc(OC)c3)c3N3OC)C3=O)C3C1CC2OC3	[M+H]+	35.0	Thermo Finnigan Elite Orbitrap
CCMSLIB00005716808	CC(C1CCC2C1(C)CCC3C2C(O)CC4C3(C)CCC(O)C4)CCC(NC(C(O)=O)CC5=CNC6=CC=CC=C65)=O	[M+H]+	35.0	Thermo Finnigan Elite Orbitrap
CCMSLIB00005725039	C[C@H](CO)C(C([C@H]([C@H](C)[C@H]([C@@H](C1)OC(C)=O)[C@](C)(CC2)[C@@]1(C)C(CC1)[C@@]2(C2)[C@]2(CC2)[C@H]1[C@@H](C)C2=O)O)=O)=C	[M+H]+	35.0	Thermo Finnigan Elite Orbitrap
CCMSLIB00005434457	CCCC1=NN(C2=C1N=C(NC2=O)C3=C(C=CC(=C3)S(=O)(=O)N4CCN(CC4)C)OCC)C	[M+H]+	35.0	Thermo Finnigan Elite Orbitrap
CCMSLIB00005724790	Cn1c(N=C(N)N(C)C2=O)c2nc1	[M+H]+	35.0	Thermo Finnigan Elite Orbitrap
CCMSLIB00005723494	CCCC(=O)N(Cc1ccco1)C(C(=O)NC2CCCCC2)c3cccnc3	[M+H]+	35.0	Thermo Finnigan Elite Orbitrap
CCMSLIB00010128704	OC(CC[C@H]1[C@@H](C2=N/C1=C([C@@H](C(OC)=O)C3=O)\C4=C3C(C)=C(N4)/C=C5N=C(C(C)=C\5CC)/C=C(N/6)/C(CO)=C(C6=C\2)C)C)=O	[M+H]+	35.0	Thermo Finnigan Elite Orbitrap
CCMSLIB00010129251	OC1=CC=C([C@H](O2)[C@H](C3=CC(O)=CC(O)=C3)C4=C2C=CC(/C=C/C5=C(Br)C(O)=CC(O)=C5)=C4)C=C1	[M-H]-	35.0	Thermo Finnigan Elite Orbitrap
CCMSLIB00005724457	Oc1ccc(C(C2C(C(c(cc3)ccc3O)Oc3c4ccc(O)c3)C4=O)Oc(cc(cc3)O)c3C2=O)cc1	[M-H]-	35.0	Thermo Finnigan Elite Orbitrap
CCMSLIB00005724591	C/C=C(/C([C@@]1(C=C[C@H]2[C@@H]11)O3)O[C@H]1OC=C2C(OC)=O)\C3=O	[M+H]+	35.0	Thermo Finnigan Elite Orbitrap
CCMSLIB00010129502	OC(/C=C/C1=CC(O)=C(OC2OC(CO)C(O)C(O)C2O)C=C1)=O	[M+H]+	35.0	Thermo Finnigan Elite Orbitrap
CCMSLIB00005723478	CCC(C(=O)NC1CCCCC1)N(Cc2ccco2)C(C)=O	[M+H]+	35.0	Thermo Finnigan Elite Orbitrap
CCMSLIB00005724780	C[C@H]([C@H]([C@@H]([C@@H]1O)O)O)O[C@@H]1OC1=C(c(cc2)cc(O)c2O)Oc(cc(cc2O)O)c2C1=O	[M+H]+	35.0	Thermo Finnigan Elite Orbitrap
CCMSLIB00006126855	CC1CCC(OC1C(=C)CC23CC(CC(O2)C4C(O3)CC5(O4)C(CC(CN5)C)C)C)(C(C6CC7C(O6)CC(C8(O7)CCC9(O8)CC=CC(O9)C=CCCC(=O)O)C)O)O	[M+H]+	35.0	Thermo Finnigan Elite Orbitrap
CCMSLIB00009918413	COC1=C(C=CC(=C1)C2=C(C(=O)C3=C(C(=C(C=C3O2)OC)OC)O)OC)O	[M-H]-	35.0	Thermo Finnigan Elite Orbitrap
CCMSLIB00005788069	CC(C)CCCCCCCCC=CC(=O)NC1C(C(C(OC1OC2C(C(C(C(O2)CO)O)O)NC(=O)C)CC(C3C(C(C(O3)N4CCC(=O)NC4=O)O)O)O)O)O	[M+H]+	35.0	Thermo Finnigan Elite Orbitrap
CCMSLIB00010129260	OC1=CC=C([C@H](O2)[C@H](C3=CC(OC)=CC(OC)=C3)C4=C2C=CC(/C=C/C5=CC(O)=C(Cl)C(O)=C5)=C4)C=C1	[M-H]-	35.0	Thermo Finnigan Elite Orbitrap
CCMSLIB00005724722	COc1c(CCC(c(cc2)ccc2O)c(c(O)c2)cc(CCC(c(cc3)ccc3O)=O)c2O)ccc(O)c1	[M+H]+	35.0	Thermo Finnigan Elite Orbitrap
CCMSLIB00004752977	C1CNCC[C@@H]1Cn1c(ccc1c1cccc(c1)Oc1ccccc1)C(c1nccs1)=O	[M+H]+	35.0	Thermo Finnigan Elite Orbitrap
CCMSLIB00005725504	CC(C)C(CC1)C2N3C(CCC4)(CC5)C4C2(CCC(C2(C)C(CC4)OC4(C)OC2)=O)C1(C)C5C3	[M+H]+	35.0	Thermo Finnigan Elite Orbitrap
CCMSLIB00005723446	CCCOC(=O)C(N)Cc1c[nH]c2ccccc12	[M+H]+	35.0	Thermo Finnigan Elite Orbitrap
CCMSLIB00010129243	OC1=CC(OC)=CC([C@H]([C@@H](C2=CC=C(OC)C=C2)O3)C4=C3C=CC(/C=C/C5=CC(O)=CC(O)=C5)=C4)=C1	[M-H]-	35.0	Thermo Finnigan Elite Orbitrap
CCMSLIB00005723428	COC(=O)C(N)CCSC	[M+H]+	35.0	Thermo Finnigan Elite Orbitrap
CCMSLIB00005436122	CN1CCC2=CC(=C(C3=C2C1CC4=CC(=C(C=C43)OC)OC)OC)O	[M+H]+	35.0	Thermo Finnigan Elite Orbitrap
CCMSLIB00004722180	CC(C)CCCC(C)CCCC(C)CCCC(=CCO)C	[M+H]+	35.0	Thermo Finnigan Elite Orbitrap
CCMSLIB00009918421	CC(C(=O)C1CC1C(C2CC=CC(=O)O2)O)OC(=O)C=CC3=CC=C(C=C3)O	[M-H]-	35.0	Thermo Finnigan Elite Orbitrap
CCMSLIB00005724938	C/C=C/C(CC(C(CCCCCCCC(O)=O)(C=C1)O)C1=O)OC(C)=O	[M-H]-	35.0	Thermo Finnigan Elite Orbitrap
CCMSLIB00005723529	CCCC(=O)N(Cc1ccco1)C(C(=O)NCc2ccccc2)c3ccc(OC)cc3	[M+H]+	35.0	Thermo Finnigan Elite Orbitrap
CCMSLIB00005723472	CCCCN(C(=O)CC)C(C(=O)NC1CCCCC1)c2cccnc2	[M+H]+	35.0	Thermo Finnigan Elite Orbitrap
CCMSLIB00005723539	C/C=C/C(=O)N(Cc1ccco1)C(C(=O)NCc2ccccc2)c3cccnc3	[M+H]+	35.0	Thermo Finnigan Elite Orbitrap
CCMSLIB00005691880	CC[C@H](C)[C@H]1C(=O)N([C@H](C(=O)N([C@H](C(=O)NCCC(=O)O[C@@H](C(=O)N2CCC[C@H]2C(=O)N1)CC(C)CO)C)C)C(C)C)C	[M+H]+	35.0	Thermo Finnigan Elite Orbitrap
CCMSLIB00005725271	CC(C(C(C1)O2)C(C)(CCC3C(C)(C(C(C(C4O)O)O)O)C4(C4=O)O)C1C3C4O)C21OCC(C)CC1	[M+H]+	35.0	Thermo Finnigan Elite Orbitrap
CCMSLIB00009918871	OC(C=C1)=CC=C1[C@@H](O2)[C@@H](C3=CC(OC)=CC(OC)=C3)C4=C2C=CC(/C=C/C5=CC(O)=CC(O)=C5)=C4	[M-H]-	35.0	Thermo Finnigan Elite Orbitrap
CCMSLIB00005724501	C[C@](CO)(CCC1)[C@@H](C[C@H]2O)[C@]1(C)[C@H](CC(C1(C(C=C3OC)=O)C(Oc4c5c(O)cc(O)c4)=CC5=O)C(C)=CCC1C3=O)C2=C	[M-H]-	35.0	Thermo Finnigan Elite Orbitrap
CCMSLIB00005725323	COC(C(C(CC(c1c(CC2)c(cccc3)c3[nH]1)N2C1)C2C1O)=COC2OC(C(C1O)O)OC(CO)C1O)=O	[M+H]+	35.0	Thermo Finnigan Elite Orbitrap
CCMSLIB00005724483	COc(ccc(C(Oc(c(C1=O)c2O)cc(O)c2OC)=C1OC)c1)c1O	[M-H]-	35.0	Thermo Finnigan Elite Orbitrap
CCMSLIB00005724726	C[C@](CO)(CCC1)[C@@H](C[C@H]2O)[C@]1(C)[C@H](CC(C1(C(C=C3OC)=O)C(Oc4c5c(O)cc(O)c4)=CC5=O)C(C)=CCC1C3=O)C2=C	[M+H]+	35.0	Thermo Finnigan Elite Orbitrap
CCMSLIB00009918895	OC1=CC=C([C@H](OCCCC)[C@H](C2=CC(OC)=CC(OC)=C2)OC(C=C3)=CC=C3/C=C/C4=CC(OC)=CC(OC)=C4)C=C1	[M-H]-	35.0	Thermo Finnigan Elite Orbitrap
CCMSLIB00010129716	O=C1C=C2C(C=CC3(C2=CCC4(C)C5CC(C(=O)OC)(C)CCC5(C)CCC34C)C)=C(C1=O)C	[M+H]+	35.0	Thermo Finnigan Elite Orbitrap
CCMSLIB00005725409	CC(C1)NC(C)c(c(OC)c2-c(c3cccc(OC)c33)c(C)cc3OC)c1cc2O	[M+H]+	35.0	Thermo Finnigan Elite Orbitrap
CCMSLIB00005724494	COc(ccc(C(C(C1=O)O)Oc2c1c(O)cc(O)c2C(C(c(cc1)ccc1O)Oc1c2c(O)cc(O)c1)C2=O)c1)c1O	[M-H]-	35.0	Thermo Finnigan Elite Orbitrap
CCMSLIB00005725289	CCN(CC(COC(c(cccc1)c1N)=O)(CC1)C(C2OC)C3(C(CC(C4OC)C(C5)OC)C4C54O)C1OC)C3C24O	[M+H]+	35.0	Thermo Finnigan Elite Orbitrap
CCMSLIB00009918903	OC1=CC(O)=CC([C@@H]([C@H](OCC(C)C)C2=CC=C(O)C=C2)OC(C=C3)=CC=C3/C=C/C4=CC(OC)=CC(OC)=C4)=C1	[M-H]-	35.0	Thermo Finnigan Elite Orbitrap
CCMSLIB00005725381	CCC(C(C(C1C)C2C3)OC1=O)C(CCCC1)C2N1C3C(CC1C)OC1=O	[M+H]+	35.0	Thermo Finnigan Elite Orbitrap
CCMSLIB00009918501	CC1=C([C@@H](OC([C@@H]2C)=O)[C@@]2([H])CC3)[C@]3(C)[C@@H](OC(C)=O)C[C@@H]1O	[M+H]+	35.0	Thermo Finnigan Elite Orbitrap
CCMSLIB00005788085	CC1=CC(CC2=CC(C(C(CC(=CCC1)C)OC(=O)C)C(C)C)OC2=O)O	[M+H]+	35.0	Thermo Finnigan Elite Orbitrap
CCMSLIB00006126853	CC1CC2C3C(CC4(O3)C(CC(CN4)C)C)OC(C1)(O2)CC(=C)C5C(CC(C(O5)(C(C6CC7C(O6)CC(C8(O7)CCC9(O8)C=CCC(O9)C=CCCC(=O)O)C)O)O)C)C	[M+H]+	35.0	Thermo Finnigan Elite Orbitrap
CCMSLIB00005724454	COc1ccc([C@@H]([C@@H]2C(c(ccc(O)c3)c3O)=O)Oc3c2c(O)c(C(C[C@@H](c(cc2)ccc2O)O2)=O)c2c3)cc1	[M-H]-	35.0	Thermo Finnigan Elite Orbitrap
CCMSLIB00005725063	CC(C)(CCC1)C(CC2O)C1(CO)C(C(CC(C1O)C3=C)O)C12C3=O	[M-H]-	35.0	Thermo Finnigan Elite Orbitrap
CCMSLIB00005724701	COc(ccc(C(Oc(c(C1=O)c2O)cc(O)c2OC)=C1OC)c1)c1O	[M+H]+	35.0	Thermo Finnigan Elite Orbitrap
CCMSLIB00010129499	CC1=C(C=C2C(=C1O)C(=O)C=C(O2)C3=CC=C(C=C3)O)OC	[M+H]+	35.0	Thermo Finnigan Elite Orbitrap
CCMSLIB00005724314	C1CCNC(=O)CCC(=O)N(CCCCCNC(=O)CCC(=O)N(CCCCCNC(=O)CCC(=O)N(CC1)O)O)O	[M-H]-	35.0	Thermo Finnigan Elite Orbitrap
CCMSLIB00010129244	OC1=CC([C@H]([C@@H](C2=CC=C(OC)C=C2)O3)C4=C3C=CC(/C=C/C5=CC(OC)=CC(O)=C5)=C4)=CC(O)=C1	[M-H]-	35.0	Thermo Finnigan Elite Orbitrap
CCMSLIB00005691879	C[C@H]1C(=O)NCCC(=O)O[C@@H](C(=O)N2CCC[C@H]2C(=O)N[C@H](C(=O)N([C@H](C(=O)N1C)C(C)C)C)C(C)C)CC(C)C	[M+H]+	35.0	Thermo Finnigan Elite Orbitrap
CCMSLIB00009918866	OC1=CC(O)=CC(/C=C/C2=CC=C(C=C2)O[C@@H](C3=CC(O)=CC(O)=C3)[C@H](OC(C)C)C4=CC=C(O)C=C4)=C1	[M-H]-	35.0	Thermo Finnigan Elite Orbitrap
CCMSLIB00005724914	CC(C)C(C([C@H]([C@H](C)[C@H]([C@@H](C1)OC(C)=O)[C@](C)(CC2)[C@@]1(C)[C@@H](CC[C@@H]1[C@H]3C)[C@@]2(C2)[C@@]12C=CC3=O)OC(C)=O)=O)=C	[M+H]+	35.0	Thermo Finnigan Elite Orbitrap
CCMSLIB00005725377	CC[C@H](C[C@@H](C[C@]12C(OC)=O)C3)C2N3CCc2c1[nH]c(cc1)c2cc1OC	[M-H]-	35.0	Thermo Finnigan Elite Orbitrap
CCMSLIB00005724462	Oc1ccc([C@@H]([C@H]([C@@H]2C(c(ccc(O)c3)c3O)=O)C(c(ccc(O)c3)c3O)=O)O[C@@H]2c(cc2)ccc2O)cc1	[M-H]-	35.0	Thermo Finnigan Elite Orbitrap
CCMSLIB00005724294	CCC1CC2C(CCC2=O)C(=C1)C(=O)NCC(C)C	[M-H]-	35.0	Thermo Finnigan Elite Orbitrap
CCMSLIB00005723484	COc3ccc(C(C(=O)NC1CCCCC1)N(C=O)Cc2ccco2)cc3	[M+H]+	35.0	Thermo Finnigan Elite Orbitrap
CCMSLIB00005724276	CN1[C@@H](CC2=CNC3=C2C(=CC=C3)[N+]([O-])=O)C(=O)N(C)[C@@](O)(CC2=CC=C(O)C=C2)C1=O	[M+H]+	35.0	Thermo Finnigan Elite Orbitrap
CCMSLIB00005725090	C[C@H](CO)C(C([C@H]([C@H](C)[C@H]([C@@H](C1)OC(C)=O)[C@](C)(CC2)[C@@]1(C)[C@@H](CC[C@@H]1[C@H]3C)[C@]2(C2)[C@]12C=CC3=O)OC(C)=O)=O)=C	[M+H]+	35.0	Thermo Finnigan Elite Orbitrap
CCMSLIB00005724477	CC(C)CC(C1=C(O)OC2=C(C(CC(O)=O)c3ccccc3)C(C)(C)C(CC=C(C)C)CC2(CC=C(C)C)C1=O)=O	[M-H]-	35.0	Thermo Finnigan Elite Orbitrap
CCMSLIB00005724970	CC(C)(/C=C/C([C@](C)([C@H]([C@H](C1)O)[C@](C)(C2)[C@@]1(C)[C@@H](CC=C(C1C=C3O)C(C)(C)C3=O)[C@]1(C)C2=O)O)=O)OC(C)=O	[M+H]+	35.0	Thermo Finnigan Elite Orbitrap
CCMSLIB00009918902	OC1=CC(O)=CC(/C=C/C2=CC=C(C=C2)O[C@@H](C3=CC(OC)=CC(OC)=C3)[C@H](OCC(C)C)C4=CC=C(O)C=C4)=C1	[M-H]-	35.0	Thermo Finnigan Elite Orbitrap
CCMSLIB00008851501	CN(CC(=O)O)NC(=O)CC(CC(CN)O)N	[M+H]+	35.0	Thermo Finnigan Elite Orbitrap
CCMSLIB00005724443	CCCCCCCCCCCCO[C@H]([C@H]([C@H]1O)O)O[C@H](C)[C@H]1O[C@H]([C@H]([C@H]1O[C@H]([C@H]([C@H]2O[C@H]([C@H]([C@H]3O)O)O[C@H](C)[C@H]3OC(C)=O)OC(C)=O)O[C@H](C)[C@H]2OC(C)=O)O)O[C@H](C)[C@H]1OC(C)=O	[M-H]-	35.0	Thermo Finnigan Elite Orbitrap
CCMSLIB00010129236	OC(C=C1)=CC=C1[C@@H](O2)[C@@H](C3=CC(O)=CC(O)=C3)C4=C2C=CC(/C=C\C5=CC(O)=CC(O)=C5)=C4	[M-H]-	35.0	Thermo Finnigan Elite Orbitrap
CCMSLIB00005725539	C[C@H](CCC(N[C@@H](CCSC)C(O)=O)=O)[C@H]1CC[C@@]2([H])[C@]3([H])[C@H](O)C[C@]4([H])C[C@H](O)CC[C@]4(C)[C@H]3CC[C@@]21C	[M+H]+	35.0	Thermo Finnigan Elite Orbitrap
CCMSLIB00005723431	CCCCOC(=O)C(N)CCSC	[M+H]+	35.0	Thermo Finnigan Elite Orbitrap
CCMSLIB00005725206	CCCCCCCCCCCCCC(OC1(CC2C)C(C)(C)C1C(C1OC1(CO)C(C(C1C=C3C)(C3=O)O)O)C12O)=O	[M-H]-	35.0	Thermo Finnigan Elite Orbitrap
CCMSLIB00005723473	CCCCN(C(=O)CCC)C(C(=O)NC1CCCCC1)c2cccnc2	[M+H]+	35.0	Thermo Finnigan Elite Orbitrap
CCMSLIB00005725255	CC1(C(C(C(C2(C)C(CC3C(C)(COC4)C(C5)OC(C)=O)O)C34C5O)=O)O)C22OC2CC1c1cocc1	[M-H]-	35.0	Thermo Finnigan Elite Orbitrap
CCMSLIB00009918433	CC(C(=O)C1CC1C(C2CC=CC(=O)O2)OC(=O)C)OC(=O)C=CC3=CC=C(C=C3)O	[M+H]+	35.0	Thermo Finnigan Elite Orbitrap
CCMSLIB00005723434	CCCOC(=O)C(N)Cc1ccccc1	[M+H]+	35.0	Thermo Finnigan Elite Orbitrap
CCMSLIB00009918860	OC1=CC=C([C@@H]2[C@@H](C3=CC(O)=CC(O)=C3)[C@@H](C4=CC(OC)=CC(OC)=C4)[C@@H](C5=CC=C(C=C5)O)O2)C=C1	[M-H]-	35.0	Thermo Finnigan Elite Orbitrap
CCMSLIB00005724620	COc(cc1)cc(OC)c1C(C(C(c(cc1)ccc1O)c(cc1)ccc1O)C1=COc(cc(cc2)O)c2C1=O)=O	[M+H]+	35.0	Thermo Finnigan Elite Orbitrap
CCMSLIB00005724771	C[C@@H](CC1(C2=O)SCCN1)OC2O[C@@H](CC(CCC(C1CC[C@@]2(C)[C@@H](CC3)C(CO4)=CC4=O)[C@@]23O)[C@]1(C1)C=O)[C@H]1O	[M+H]+	35.0	Thermo Finnigan Elite Orbitrap
CCMSLIB00005724704	COc(cc1)ccc1C(Oc(c(C1=O)c2O)cc(O)c2OC)=C1OC	[M+H]+	35.0	Thermo Finnigan Elite Orbitrap
CCMSLIB00005724709	COc(cc(cc1)C(Oc(c(C2=O)c3O)cc(OC)c3OC)=C2OC)c1O	[M+H]+	35.0	Thermo Finnigan Elite Orbitrap
CCMSLIB00004684200	CCCCCCCCCCCC(CC(N[C@@H](CC1=CC=CC=C1)C(O)=O)=O)O	[M+H]+	35.0	Thermo Finnigan Elite Orbitrap
CCMSLIB00004721992	C1=CC=C2C(=C1)C(=C3C=C(NC3=O)C4=CNC5=C4C=C(C=C5)O)C(=O)N2	[M+H]+	35.0	Thermo Finnigan Elite Orbitrap
CCMSLIB00010128701	OC(CC[C@H]1[C@@H](C2=N/C1=C([C@](C(OC)=O)(O)C3=O)\C4=C3C(C)=C(N4)/C=C5N=C(C(C)=C\5CC)/C=C(N/6)/C(C=C)=C(C6=C\2)C)C)=O	[M+H]+	35.0	Thermo Finnigan Elite Orbitrap
CCMSLIB00010011981	C1=CC(=C(C(=C1)O)O)C(=O)NC(CCCN=C(N)N)C(=O)NC(CCCN(C=O)OC(=O)C2=C(C(=CC=C2)O)O)C(=O)O	[M+H]+	35.0	Thermo Finnigan Elite Orbitrap
CCMSLIB00009918890	OC1=CC=C([C@H]2C3=C([C@]([C@@H]2C4=CC(OC)=CC(OC)=C4)([C@@](C5=CC=C(C=C5)O)([H])OCCCC)[H])C=C(C=C3OC)OC)C=C1	[M-H]-	35.0	Thermo Finnigan Elite Orbitrap
CCMSLIB00010011985	C1CC(C(=O)N(C1)O)NC(=O)C(CO)NC(=O)C(CCCCN)NC(=O)C(CC2=CN=CN2)NC(=O)C3COC(=N3)C4=CC=CC=C4O	[M+H]+	35.0	Thermo Finnigan Elite Orbitrap
CCMSLIB00004678667	CN1CCC2=C(C1)NC3=CC=CC=C23	[M+H]+	35.0	Thermo Finnigan Elite Orbitrap
CCMSLIB00010013013	CC=CNC1=C(C(=NCC(=O)O)CC(C1)(CO)O)OC	[M+H]+	35.0	Thermo Finnigan Elite Orbitrap
CCMSLIB00006718039	CC1CC2(C3(C(O1)OC4CC5CCC6C(C5(CC4O3)C=O)CCC7(C6(CCC7C8=CC(=O)OC8)O)C)O)NCCS2	[M+H]+	35.0	Thermo Finnigan Elite Orbitrap
CCMSLIB00011427585	C[C@]12CC[C@]([C@]3(C)C1CC[C@@H]2C(C)C)(C)C4CCC5C(C)(C)[C@@H](OC(C)=O)CCC5(C)C4=CC3=O	[M+H]+	35.0	Thermo Finnigan Elite Orbitrap
CCMSLIB00006717994	OC(/C=C/C1=CC2=C(O[C@H](C3=CC(OC)=C(O)C=C3)[C@]4([H])[C@@]2([H])[C@@H](C5=CC(OC)=C(O)C=C5)OC4=O)C(OC)=C1)=O	[M-H]-	35.0	Thermo Finnigan Elite Orbitrap
CCMSLIB00005723490	C/C=C/C(=O)N(Cc1ccco1)C(C(=O)NC2CCCCC2)c3ccc(OC)cc3	[M+H]+	35.0	Thermo Finnigan Elite Orbitrap
CCMSLIB00005725469	CC[C@@H]1NC(C[C@]2(c(cccc3)c3N3OC)C3=O)C3C1CC2OC3	[M+H]+	35.0	Thermo Finnigan Elite Orbitrap
CCMSLIB00005720254	O=C(N[C@@H](CC(C)C)C(N[C@H](CC(C)C)C(N[C@H]1CC(C)C)=O)=O)[C@H](C(C)C)NC([C@@H](CC2=CC=CC=C2)NC([C@@H]([C@@H](C)CC)NC1=O)=O)=O	[M+H]+	35.0	Thermo Finnigan Elite Orbitrap
CCMSLIB00006126983	CC1=C2CC3(C(C(=O)C(C3=C)(C2(CCC14C=CC(=O)OC4(C)C)C)C(=O)OC)O)C	[M+H]+	35.0	Thermo Finnigan Elite Orbitrap
CCMSLIB00009918924	OC1=CC=C([C@H](OCC)[C@H](C2=CC(OC)=CC(OC)=C2)OC(C=C3)=CC=C3/C=C/C4=CC(OC)=CC(OC)=C4)C=C1	[M-H]-	35.0	Thermo Finnigan Elite Orbitrap
CCMSLIB00005691907	CCC(C)C1NC(=O)C2CCCCN2C(=O)C(CC(C)C)OC(=O)CCNC(=O)C(C)N(C)C(=O)C(C(C)C)N(C)C1=O	[M+H]+	35.0	Thermo Finnigan Elite Orbitrap
CCMSLIB00011428631	[H][C@]1([C@H](CC2=CNC3=CC=CC=C32)NC4=O)[C@]4(C(/C=C/[C@H](O)[C@H](O)/C(C)=C/[C@@H](C)C/C=C/5)=O)[C@@H]5C(O)C([C@H]1C)=C	[M+H]+	35.0	Thermo Finnigan Elite Orbitrap
CCMSLIB00001059689	CCC1C(C(=O)NC1CC2=NC(=CC3=C(C(=C(N3)CC4C(C(C(=O)N4)CC)C)C)CCC(=O)O)C(=C2C)CCC(=O)O)C	[M+H]+	35.0	Thermo Finnigan Elite Orbitrap
CCMSLIB00005725326	CCN(CC(COC(c(cccc1)c1N(C(CC1C)=O)C1=O)=O)(CC1)C(C2OC)C3(C(CC(C4OC)C(C5)OC)C4C54O)C1OC)C3C24O	[M+H]+	35.0	Thermo Finnigan Elite Orbitrap
CCMSLIB00005788120	C[CH](CCC(N[CH](C)C(O)=O)=O)[CH]1CC[C]2([H])[C]3([H])[CH](O)C[C]4([H])C[CH](O)CC[C]4(C)[CH]3CC[C]21C	[M+H]+	35.0	Thermo Finnigan Elite Orbitrap
CCMSLIB00005724565	CC(OCC(Cc(cc1)cc(OC)c1O)C(Cc(cc1)cc(OC)c1O)COC(/C=C/c(cc1)cc(O)c1O)=O)=O	[M+H]+	35.0	Thermo Finnigan Elite Orbitrap
CCMSLIB00009918870	OC1=CC=C([C@H]2[C@H](C3=CC(OC)=CC(OC)=C3)[C@@H](C4=CC(OC)=CC(OC)=C4)[C@@H](C5=CC=C(O)C=C5)O2)C=C1	[M-H]-	35.0	Thermo Finnigan Elite Orbitrap
CCMSLIB00005723677	O=C1C2=CC=CC=C2NC(CCCCCCC)=C1O	[M+H]+	35.0	Thermo Finnigan Elite Orbitrap
CCMSLIB00005723537	CCCCC(=O)N(Cc1ccco1)C(C(=O)NCc2ccccc2)c3cccnc3	[M+H]+	35.0	Thermo Finnigan Elite Orbitrap
CCMSLIB00005723523	CCCCC(=O)N(Cc1ccco1)C(CC)C(=O)NCc2ccccc2	[M+H]+	35.0	Thermo Finnigan Elite Orbitrap
CCMSLIB00009918919	OC1=CC=C([C@H](OC)[C@H](C2=CC(OC)=CC(OC)=C2)OC(C=C3)=CC=C3/C=C/C4=CC(OC)=CC(OC)=C4)C=C1	[M-H]-	35.0	Thermo Finnigan Elite Orbitrap
CCMSLIB00005724570	CC(C)([C@H](CC=C(C)C)C[C@](C[C@H](CC=C(C)C)C(C)(C)O1)(C2=O)C1=C1C(c(cc3)cc(O)c3O)=O)[C@]2(CC=C(C)C)C1=O	[M+H]+	35.0	Thermo Finnigan Elite Orbitrap
CCMSLIB00005435942	CCCCCCCC/C=C/C(NC1C(O)C(O)C(CC(O)C2C(O)C(O)C(N3C=CC(NC3=O)=O)O2)OC1OC4C(NC(C)=O)C(O)C(O)C(CO)O4)=O	[M+H]+	35.0	Thermo Finnigan Elite Orbitrap
CCMSLIB00009918907	OC1=CC=C([C@@H](OCC(C)C)[C@H](C2=CC(OC)=CC(OC)=C2)OC(C=C3)=CC=C3/C=C/C4=CC(OC)=CC(OC)=C4)C=C1	[M-H]-	35.0	Thermo Finnigan Elite Orbitrap
CCMSLIB00009918885	OC1=CC(O)=CC(/C=C/C2=CC=C(C=C2)O[C@@H](C3=CC(O)=CC(O)=C3)[C@@H](OCCCC)C4=CC=C(O)C=C4)=C1	[M-H]-	35.0	Thermo Finnigan Elite Orbitrap
CCMSLIB00000579300	C1C2=CC=CC=C2C(=O)C3=CC=CC=C31	[M+H]+	35.0	Thermo Finnigan Elite Orbitrap
CCMSLIB00004684202	O=C(N[C@@H](CC1=CC=CC=C1)C(O)=O)CC(O)CCCCC/C=C\CCCCCC	[M+H]+	35.0	Thermo Finnigan Elite Orbitrap
CCMSLIB00009918414	COC1=C(C=CC(=C1)C2=C(C(=O)C3=C(C(=C(C=C3O2)OC)OC)O)OC)O	[M+H]+	35.0	Thermo Finnigan Elite Orbitrap
CCMSLIB00010129261	OC1=CC=C([C@H](O2)[C@H](C3=CC(OC)=CC(OC)=C3)C4=C2C=CC(/C=C/C5=C(Cl)C(O)=CC(O)=C5)=C4)C=C1	[M-H]-	35.0	Thermo Finnigan Elite Orbitrap
CCMSLIB00006675749	CC(=O)N1CC(N(CC1CC2=CC=CC=C2)C(=O)C)CC3=CC4=C(C(=C3)OC)OCO4	[M+H]+	35.0	Thermo Finnigan Elite Orbitrap
CCMSLIB00005724465	CC(C)CC(C1=C(O)OC2=C(C(CC(OC)=O)c3ccccc3)C(C)(C)C(CC=C(C)C)CC2(CC=C(C)C)C1=O)=O	[M-H]-	35.0	Thermo Finnigan Elite Orbitrap
CCMSLIB00011294975	O=C(O)[C@@H](O)[C@]1(O)[C@@H](C)[C@H](O)[C@@](C)(OC)[C@@](C[C@@](C[C@@H](OC)[C@H]2C)([H])O[C@]32[C@@H](C)[C@H](OC)[C@](C)([C@]4([H])CC[C@@]([C@]5([H])O[C@]([C@]6([H])[C@@H](C)[C@H](O)[C@@H](C)[C@@](C)(O)O6)([H])CC5)([H])O4)O3)([H])O1	[M-H]-	35.0	Thermo Finnigan Elite Orbitrap
CCMSLIB00005723515	CCCCN(C(=O)CCC)C(C(=O)NCc1ccccc1)c2cccnc2	[M+H]+	35.0	Thermo Finnigan Elite Orbitrap
CCMSLIB00009918894	OC1=CC=C([C@@H](OCCCC)[C@H](C2=CC(OC)=CC(OC)=C2)OC(C=C3)=CC=C3/C=C/C4=CC(OC)=CC(OC)=C4)C=C1	[M-H]-	35.0	Thermo Finnigan Elite Orbitrap
CCMSLIB00005724479	CC(C)C(C1=C(O)OC2=C(C(CC(O)=O)c3ccccc3)C(C)(C)C(CC=C(C)C)CC2(CC=C(C)C)C1=O)=O	[M-H]-	35.0	Thermo Finnigan Elite Orbitrap
CCMSLIB00011427197	O=C(O)[C@@H](O)[C@]1(O)[C@@H](C)[C@H](OC)[C@@](C)(OC)[C@@](C[C@@](C[C@@H](OC)[C@H]2C)([H])O[C@]32[C@@H](C)[C@H](OC)[C@](C)([C@]4([H])CC[C@@]([C@]5([H])O[C@]([C@@H](O)[C@@H](C)/C=C(C)/C(C)=O)([H])CC5)([H])O4)O3)([H])O1	[M-H]-	35.0	Thermo Finnigan Elite Orbitrap
CCMSLIB00009918914	OC1=CC=C([C@H]2C3=C([C@]([C@@H]2C4=CC(OC)=CC(OC)=C4)([C@@](C5=CC=C(C=C5)O)([H])OC)[H])C=C(C=C3O)O)C=C1	[M-H]-	35.0	Thermo Finnigan Elite Orbitrap
CCMSLIB00005725106	CC(C)(/C=C/C([C@](C)([C@H]([C@H](C1)O)[C@](C)(C2)[C@@]1(C)C(CC=C(C1CC3=O)C(C)(C)C3O)[C@]1(C)C2=O)O)=O)OC(C)=O	[M+H]+	35.0	Thermo Finnigan Elite Orbitrap
CCMSLIB00005721041	O=C(OC)C(=C\OC)\C1C[C@H]2c3[NH]c4cccc(OC)c4c3CCN2C[C@@H]1C=C	[M+H]+	35.0	Thermo Finnigan Elite Orbitrap
CCMSLIB00009918892	OC1=CC(O)=CC([C@@H]([C@@H](OCCCC)C2=CC=C(O)C=C2)OC(C=C3)=CC=C3/C=C/C4=CC(OC)=CC(OC)=C4)=C1	[M-H]-	35.0	Thermo Finnigan Elite Orbitrap
CCMSLIB00005725193	CCCCC/C=C\C=C\C1(O[C@@]2([C@H]([C@@H]3C)OC(c4ccccc4)=O)C(C)=C)O[C@]3(C([C@]3([C@H]([C@]4(CO)O[C@@H]44)O)O)C=C(C)C3=O)C4[C@@H]2O1	[M+H]+	35.0	Thermo Finnigan Elite Orbitrap
CCMSLIB00005725149	CC(C)(/C=C/C([C@](C)([C@H]([C@H](C1)O)[C@](C)(C2)[C@@]1(C)C(CC=C(C1C[C@H]3OC(C(C4O)O)OC(CO)C4O)C(C)(C)C3=O)[C@]1(C)C2=O)O)=O)OC(C)=O	[M+H]+	35.0	Thermo Finnigan Elite Orbitrap
CCMSLIB00006718005	OC(/C=C/C1=CC2=C(O[C@H](C3=CC(OC)=C(O)C=C3)[C@]4([H])[C@@]2([H])[C@@H](C5=CC(O)=C(O)C=C5)OC4=O)C(OC)=C1)=O	[M-H]-	35.0	Thermo Finnigan Elite Orbitrap
CCMSLIB00005724530	NCC(C(c1c[nH]c(N)n1)O)Cl	[M-H]-	35.0	Thermo Finnigan Elite Orbitrap
CCMSLIB00005724510	CC(C)(CCC1)[C@@H](C[C@H]2O)[C@]1(C)[C@H](CC(C1(C(C=C3OC)=O)C(Oc4c5c(O)cc(O)c4)=CC5=O)C(C)=CCC1C3=O)C2=C	[M-H]-	35.0	Thermo Finnigan Elite Orbitrap
CCMSLIB00005788090	C[CH]1CN(C(=O)C2=C(C=CC(=C2)NC(=O)CCN3CCOCC3)O[CH]1CN(C)CC4=CC=NC=C4)[CH](C)CO	[M-H]-	35.0	Thermo Finnigan Elite Orbitrap
CCMSLIB00005724990	C[C@@](CCC1)(C2[C@@](C3)(CC4)C=C(CO)[C@H]3CC2)C4[C@@]1(C)C(O)=O	[M-H]-	35.0	Thermo Finnigan Elite Orbitrap
CCMSLIB00009918420	COC1=C(C=CC(=C1)C2=C(C(=O)C3=C(C(=C(C=C3O2)OC)O)O)OC)O	[M+H]+	35.0	Thermo Finnigan Elite Orbitrap
CCMSLIB00006112534	CN1C(C=C(Cl)C=C2O)=C2C(C3=NC(C(NC(C4CCCN4)C(NC(C(O)=O)(C)CO)=O)=O)(C)CO3)=C1	[M+H]+	35.0	Thermo Finnigan Elite Orbitrap
CCMSLIB00010129240	OC(C=C1)=CC=C1[C@@H](O2)[C@@H](C3=CC(O)=CC(OC)=C3)C4=C2C=CC(/C=C/C5=CC(O)=CC(O)=C5)=C4	[M-H]-	35.0	Thermo Finnigan Elite Orbitrap
CCMSLIB00005724775	C[C@@H](CC12SCC=N1)OC1OC(CC(CCC(C3CC[C@@]4(C)C(CC5)C(CO6)=CC6=O)[C@@]45O)[C@]3(C3)C=O)C3O[C@]12O	[M+H]+	35.0	Thermo Finnigan Elite Orbitrap
CCMSLIB00005724532	COc(c(OC)c1)cc(C=O)c1[N+]([O-])=O	[M-H]-	35.0	Thermo Finnigan Elite Orbitrap
CCMSLIB00005725386	CCC(C(C(C1C)C2CC3)OC1=O)C1C2N3CCCC1	[M+H]+	35.0	Thermo Finnigan Elite Orbitrap
CCMSLIB00009918876	O[C@H](C1=CC=C(O)C=C1)[C@H](C2=CC(OC)=CC(OC)=C2)OC(C=C3)=CC=C3/C=C/C4=CC(OC)=CC(OC)=C4	[M-H]-	35.0	Thermo Finnigan Elite Orbitrap
CCMSLIB00005725370	CC[C@@]1(CC(C(OC)=O)=C([C@@]23CC4)Nc5c2cccc5)C3N4C[C@@H]2O[C@H]12	[M-H]-	35.0	Thermo Finnigan Elite Orbitrap
CCMSLIB00005723453	CCOC(=O)C(N)Cc1c[nH]cn1	[M+H]+	35.0	Thermo Finnigan Elite Orbitrap
CCMSLIB00005724637	Oc1ccc(C(C2C(c(ccc(O)c3)c3O)=O)Oc3c2c(O)c(C(CC(c(cc2)ccc2O)O2)=O)c2c3)cc1	[M+H]+	35.0	Thermo Finnigan Elite Orbitrap
CCMSLIB00005725426	CN(CCc1cc(OC)c2OC)C(Cc(cc3)ccc3Oc(c(C(C3)N(C)CC4)c4cc4OC)c4OC)c1c2Oc1ccc3cc1	[M+H]+	35.0	Thermo Finnigan Elite Orbitrap
CCMSLIB00011428634	[H][C@]1([C@H](CC2=CNC3=CC=CC=C32)NC4=O)[C@]4(C(CC[C@H](O)C5=O)=O)[C@](/C=C/C[C@H](C)/C=C5\C)([H])[C@H](O)[C@@](C)(O)[C@H]1C	[M+H]+	35.0	Thermo Finnigan Elite Orbitrap
CCMSLIB00009918900	OC1=CC=C([C@H]2C3=C([C@]([C@@H]2C4=CC(OC)=CC(OC)=C4)([C@@](C5=CC=C(C=C5)O)([H])OCC(C)C)[H])C=C(C=C3O)O)C=C1	[M-H]-	35.0	Thermo Finnigan Elite Orbitrap
CCMSLIB00005691876	CCC(C)[C@H]1C(=O)N[C@H](C(=O)N([C@H](C(=O)NCCC(=O)O[C@@H](C(=O)N2CCC[C@H]2C(=O)N1)CC(C)CO)C)C)C(C)C	[M+H]+	35.0	Thermo Finnigan Elite Orbitrap
CCMSLIB00005723511	C/C=C/C(=O)N(CCCC)C(C(=O)NCc1ccccc1)c2ccc(OC)cc2	[M+H]+	35.0	Thermo Finnigan Elite Orbitrap
CCMSLIB00005723500	CCCCN(C(=O)CC)C(CC)C(=O)NCc1ccccc1	[M+H]+	35.0	Thermo Finnigan Elite Orbitrap
CCMSLIB00005723421	OC1=CC=C(CC2NC(O)=C(O)C2(C)C)C=C1	[M+H]+	35.0	Thermo Finnigan Elite Orbitrap
CCMSLIB00005716589	C1=CC(=C(C=C1C(=O)NCCCNCCCCNC(=O)CC(CC(=O)NCCCCNCCCNC(=O)C2=CC(=C(C=C2)O)O)(C(=O)O)O)O)O	[M+H]+	35.0	Thermo Finnigan Elite Orbitrap
CCMSLIB00005724433	CC(C)(CCC(Cc(c(OC(CC1=O)c(ccc(O)c2)c2O)c1c(O)c1)c1O)C(C)=C)O	[M-H]-	35.0	Thermo Finnigan Elite Orbitrap
CCMSLIB00005723301	C[C@@H](C1=CC=CC=C1)[C@@H](C(=O)N[C@H](CC(=O)OC)C2=NC=CS2)NC(=O)[C@H](C(C)(C)C)NC3=NCC(=O)N4CCC([C@H]4C(=O)N[C@H](C(=O)N[C@H]3C(C)(C)C)C(C)C)(C)C	[M+H]+	35.0	Thermo Finnigan Elite Orbitrap
CCMSLIB00005724871	CCCCCCCCCCCCCC1(O[C@@]2(C[C@@H]3C)C(C)=C)O[C@]3(C([C@]3([C@H]([C@]4(CO)OC44)O)O)C=C(C)C3=O)C4[C@@H]2O1	[M-H]-	35.0	Thermo Finnigan Elite Orbitrap
CCMSLIB00009918432	CC(C(=O)C1CC1C(C2CC=CC(=O)O2)OC(=O)C)OC(=O)C=CC3=CC=C(C=C3)O	[M-H]-	35.0	Thermo Finnigan Elite Orbitrap
CCMSLIB00005725390	CC(CC(C(CC1)N(CCCC2)C1C2(CC1C)OC1=O)O1)C1=O	[M+H]+	35.0	Thermo Finnigan Elite Orbitrap
CCMSLIB00005725489	CCC(C(c(c(O)c(CC=C(C)C)c(O)c1C(CC(C)C)=O)c1O1)=CC1=O)O	[M-H]-	35.0	Thermo Finnigan Elite Orbitrap
CCMSLIB00010129254	OC1=CC=C([C@H](O2)[C@H](C3=CC(OC)=CC(OC)=C3)C4=C2C=CC(/C=C/C5=C(Br)C(O)=CC(O)=C5)=C4)C=C1	[M-H]-	35.0	Thermo Finnigan Elite Orbitrap
CCMSLIB00005723471	CCCCN(C(C)=O)C(C(=O)NC1CCCCC1)c2cccnc2	[M+H]+	35.0	Thermo Finnigan Elite Orbitrap
CCMSLIB00005724665	CCC(C)C(C1=C(O)OC2=C(C(CC(O)=O)c3ccccc3)C(C)(C)C(CCC(C)(C)OC(C(F)(F)F)=O)CC2(CC=C(C)C)C1=O)=O	[M+H]+	35.0	Thermo Finnigan Elite Orbitrap
CCMSLIB00004752968	C1CN(CC[C@@]12C(N(Cc1cccc(c1)Oc1ccccc1)C(N2)=O)=O)Cc1cccc(c1)F	[M+H]+	35.0	Thermo Finnigan Elite Orbitrap
CCMSLIB00005724719	COc(ccc(C(C(C1=O)O)Oc2c1c(O)cc(O)c2C(C(c(cc1)ccc1O)Oc1c2c(O)cc(O)c1)C2=O)c1)c1O	[M+H]+	35.0	Thermo Finnigan Elite Orbitrap
CCMSLIB00005724818	CN(C)CCc1cc(OC)c2OCc3c4OCOc4cc4ccc1c2c34	[M+H]+	35.0	Thermo Finnigan Elite Orbitrap
CCMSLIB00005724627	COc(cc1)cc(O)c1C(C(C(c(cc1)ccc1O)c(cc1)ccc1O)C1=COc(cc(cc2)O)c2C1=O)=O	[M+H]+	35.0	Thermo Finnigan Elite Orbitrap
CCMSLIB00005725028	C/C=C/C(CC(C(CCCCCCCC(O)=O)(C=C1)OC(C)=O)C1=O)=O	[M+H]+	35.0	Thermo Finnigan Elite Orbitrap
CCMSLIB00004679374	CCC/C=C/C=C/C1=C(O)C=C(C/C=C(C)\C)C(O)=C1C=O	[M+H]+	35.0	Thermo Finnigan Elite Orbitrap
CCMSLIB00010129056	OC(C(OC(/C=C/C1=CC=CC=C1)=O)C(O)C(COC(/C=C/C2=CC=CC=C2)=O)O3)C3OC4=C(OC)C=C(/C=C/C(OCC5CCN6C5CCC6)=O)C=C4OC	[M+H]+	35.0	Thermo Finnigan Elite Orbitrap
CCMSLIB00009918922	OC1=CC=C([C@H]2C3=C([C@]([C@@H]2C4=CC(OC)=CC(OC)=C4)([C@@](C5=CC=C(C=C5)O)([H])OCC)[H])C=C(C=C3O)O)C=C1	[M-H]-	35.0	Thermo Finnigan Elite Orbitrap
CCMSLIB00005724429	CC(C)([C@H](CC=C(C)C)C[C@](C[C@H](CC=C(C)C)C(C)(C)O1)(C2=O)C1=C1C(c(cc3)cc(O)c3O)=O)[C@]2(CC=C(C)C)C1=O	[M-H]-	35.0	Thermo Finnigan Elite Orbitrap
CCMSLIB00009918921	OC1=CC=C([C@H]2C3=C([C@@]([C@@]([H])(C4=CC=C(C=C4)O)OCC)([C@@H]2C5=CC(O)=CC(O)=C5)[H])C=C(C=C3OC)OC)C=C1	[M-H]-	35.0	Thermo Finnigan Elite Orbitrap
CCMSLIB00005725452	CN(CCc1c2)C(Cc3cc(Oc4c(C(Cc5cccc(OC)c5O5)N(C)CC6)c6cc(O)c4OC)ccc3)c1cc5c2OC	[M-H]-	35.0	Thermo Finnigan Elite Orbitrap
CCMSLIB00005725186	CN(c1c2cccc1)C(c(cc1)cc3c1OCO3)=CC2=O	[M+H]+	35.0	Thermo Finnigan Elite Orbitrap
CCMSLIB00005723526	COc3ccc(C(C(=O)NCc1ccccc1)N(C=O)Cc2ccco2)cc3	[M+H]+	35.0	Thermo Finnigan Elite Orbitrap
CCMSLIB00005723429	CCOC(=O)C(N)CCSC	[M+H]+	35.0	Thermo Finnigan Elite Orbitrap
CCMSLIB00009918896	OC1=CC=C([C@H]2C3=C([C@]([C@@H]2C4=CC(O)=CC(O)=C4)([C@@](C5=CC=C(C=C5)O)([H])OCC(C)C)[H])C=C(C=C3O)O)C=C1	[M-H]-	35.0	Thermo Finnigan Elite Orbitrap
CCMSLIB00005724646	CCCCCCCCCCC[C@@H]1N[C@@H](C)CCC1	[M+H]+	35.0	Thermo Finnigan Elite Orbitrap
CCMSLIB00005724446	COc(ccc(C(Oc1c2c(O)cc(O)c1)=CC2=O)c1)c1-c(c(OC(c(cc1)ccc1O)=C1)c(c(O)c2)C1=O)c2O	[M-H]-	35.0	Thermo Finnigan Elite Orbitrap
CCMSLIB00009918865	OC1=CC=C(C=C1)[C@H]2C3=C(C=C(O)C=C3O)[C@@]([H])([C@@](OC(C)C)([H])C4=CC=C(O)C=C4)[C@@H]2C5=CC(OC)=CC(OC)=C5	[M-H]-	35.0	Thermo Finnigan Elite Orbitrap
CCMSLIB00005724568	CC(C)=CCc(c(O)c(c(OC(c(cc1)ccc1O)=C1O)c2)C1=O)c2O	[M+H]+	35.0	Thermo Finnigan Elite Orbitrap
CCMSLIB00005723528	CCC(=O)N(Cc1ccco1)C(C(=O)NCc2ccccc2)c3ccc(OC)cc3	[M+H]+	35.0	Thermo Finnigan Elite Orbitrap
CCMSLIB00009919268	O=C1[C@](OC(C2=C([H])N(C([H])([H])[H])C(C([H])=C2[H])=O)=O)([H])[C@](C3(C([H])([H])[H])C([H])([H])[H])([H])[C@](OC(C([H])([H])[H])=O)([H])[C@]4(O3)[C@@](C([H])([H])[H])([H])C([H])([H])C(OC(C(C([H])=C5[H])=C([H])N(C([H])([H])[H])C5=O)=O)([H])[C@@](O[H])([H])[C@]41C([H])([H])OC([C@@](C([H])([H])[H])([H])C([H])([H])C([H])([H])[H])=O	[M+H]+	35.0	Thermo Finnigan Elite Orbitrap
CCMSLIB00005723461	CCCCN(C(=O)CCC(C)C)C(CC)C(=O)NC1CCCCC1	[M+H]+	35.0	Thermo Finnigan Elite Orbitrap
CCMSLIB00005723457	CCCCN(C(C)=O)C(CC)C(=O)NC1CCCCC1	[M+H]+	35.0	Thermo Finnigan Elite Orbitrap
CCMSLIB00009918915	OC1=CC(O)=CC(/C=C/C2=CC=C(C=C2)O[C@@H](C3=CC(OC)=CC(OC)=C3)[C@@H](OC)C4=CC=C(O)C=C4)=C1	[M-H]-	35.0	Thermo Finnigan Elite Orbitrap
CCMSLIB00005724491	OC(C(c(cc1)cc(O)c1O)Oc1c2c(O)cc(O)c1C(C(c(cc1)ccc1O)Oc1c3c(O)cc(O)c1)C3=O)C2=O	[M-H]-	35.0	Thermo Finnigan Elite Orbitrap
CCMSLIB00005436144	C(C1C(C(C(C(O1)OCC2C(C(C(O2)(CO)O)O)O)O)O)O)O	[M-H]-	35.0	Thermo Finnigan Elite Orbitrap
CCMSLIB00009918492	O=C1C=C[C@@]2(C)C(C([C@@]([C@H](C(O)=O)C)(O)CC2)=O)=C1C	[M+H]+	35.0	Thermo Finnigan Elite Orbitrap
CCMSLIB00005723520	CCC(C(=O)NCc1ccccc1)N(Cc2ccco2)C(C)=O	[M+H]+	35.0	Thermo Finnigan Elite Orbitrap
CCMSLIB00006581961	C1=CC=C(C=C1)C2=CC(=O)C3=C(O2)C=C(C(=C3O)O)O	[M-H]-	35.0	Thermo Finnigan Elite Orbitrap
CCMSLIB00005723476	C/C=C/C(=O)N(CCCC)C(C(=O)NC1CCCCC1)c2cccnc2	[M+H]+	35.0	Thermo Finnigan Elite Orbitrap
CCMSLIB00005724498	COc1c(CCC(c(cc2)ccc2O)c(c(O)c2)cc(CCC(c(cc3)ccc3O)=O)c2O)ccc(O)c1	[M-H]-	35.0	Thermo Finnigan Elite Orbitrap
CCMSLIB00010129257	OC(C=C1)=CC=C1[C@@H](O2)[C@@H](C3=CC(OC)=CC(OC)=C3)C4=C2C=CC(/C=C/C5=CC(OC)=C(Br)C(OC)=C5)=C4	[M-H]-	35.0	Thermo Finnigan Elite Orbitrap
CCMSLIB00005724419	CC(C)(CCC1)C2[C@]1(COC(/C=C/c(cc1)cc(O)c1O)=O)C(CC[C@H](C1)[C@@](CO)(C3)O)[C@]13CC2	[M-H]-	35.0	Thermo Finnigan Elite Orbitrap
CCMSLIB00005724272	CCC(C)C(NC(=O)C1=CC(CC)CC2C1CCC2=O)C(O)=O	[M+H]+	35.0	Thermo Finnigan Elite Orbitrap
CCMSLIB00005725335	CC[C@H](C[C@H](C[C@]12C(OC)=O)C3)[C@H]2N3CCc2c1[nH]c1c2cccc1	[M-H]-	35.0	Thermo Finnigan Elite Orbitrap
CCMSLIB00005724610	CC(C)=CCc(c(O)c(CC=C(C)C)c(OC)c1C(c(cc2)ccc2O)=O)c1O	[M+H]+	35.0	Thermo Finnigan Elite Orbitrap
CCMSLIB00005723435	CCCCOC(=O)C(N)Cc1ccccc1	[M+H]+	35.0	Thermo Finnigan Elite Orbitrap
CCMSLIB00004721937	O[C@@H]1[C@@H](O)[C@@H](SC)O[C@@]([C@@](NC([C@@H]2C[C@@H](CC)CN2C)=O)([H])[C@H](O)C)([H])[C@@H]1O	[M+H]+	35.0	Thermo Finnigan Elite Orbitrap
CCMSLIB00005723508	CCCCN(C(=O)CCC)C(C(=O)NCc1ccccc1)c2ccc(OC)cc2	[M+H]+	35.0	Thermo Finnigan Elite Orbitrap
CCMSLIB00005725012	COc(ccc(Cc1c(cc(c(OC)c2)OC)c2ccn1)c1)c1OC	[M+H]+	35.0	Thermo Finnigan Elite Orbitrap
CCMSLIB00005723462	C/C=C/C(=O)N(CCCC)C(CC)C(=O)NC1CCCCC1	[M+H]+	35.0	Thermo Finnigan Elite Orbitrap
CCMSLIB00011427198	O=C(O)[C@@H](O)[C@]1(O)[C@@H](C)[C@H](OC)[C@@](C)(OC)[C@@](C[C@@](C[C@@H](OC)[C@H]2C)([H])O[C@]32[C@@H](C)[C@H](OC)[C@](C)([C@]4([H])CC[C@@]([C@]5([H])O[C@]([C@]6([H])[C@@H](C)[C@H](O[C@@]7([H])CC[C@H](OC)[C@@H](C)O7)[C@@H](C)[C@@](C)(O)O6)([H])CC5)([H])O4)O3)([H])O1	[M-H]-	35.0	Thermo Finnigan Elite Orbitrap
CCMSLIB00005725285	CCN(CC(COC(c(cccc1)c1NC(C(C)CC(O)=O)=O)=O)(CC1)C(C2OC)C3(C(CC(C4OC)C(C5)OC)C4C54O)C1OC)C3C24O	[M+H]+	35.0	Thermo Finnigan Elite Orbitrap
CCMSLIB00005725056	CC(C)(/C=C/C([C@](C)([C@H]([C@H](C1)O)[C@](C)(C2)[C@@]1(C)C(CC=C(C1CC3=O)C(C)(C)C3O)[C@]1(C)C2=O)O)=O)O	[M-H]-	35.0	Thermo Finnigan Elite Orbitrap
CCMSLIB00005716877	CCCC1CC(C(NC(C(Cl)C)C2C(O)C(O)C(O)C(SC)O2)=O)[N+](C)([O-])C1	[M+H]+	35.0	Thermo Finnigan Elite Orbitrap
CCMSLIB00005725235	CC(C)C(CCC1(C)C2)C11OOC2C(C(OC)=O)=CC1O	[M-H]-	35.0	Thermo Finnigan Elite Orbitrap
CCMSLIB00010013020	CC(C(=O)O)NC1=C(C(=NCC(=O)O)CC(C1)(CO)O)OC	[M+H]+	35.0	Thermo Finnigan Elite Orbitrap
CCMSLIB00005725035	Oc1ccc(C(C(C2C3c(cc4)ccc4O)c4cc(O)cc(OC5c(cc6)ccc6O)c4C5c4c3c(O)cc(O)c4)c(c(O)c3)c2cc3O)cc1	[M+H]+	35.0	Thermo Finnigan Elite Orbitrap
CCMSLIB00010129248	OC1=CC=C(C(O2)=C(C3=CC(OC)=CC(OC)=C3)C4=C2C=CC(/C=C/C5=CC(O)=CC(O)=C5)=C4)C=C1	[M-H]-	35.0	Thermo Finnigan Elite Orbitrap
CCMSLIB00005724421	CC(OCC(Cc(cc1)cc(OC)c1O)C(Cc(cc1)cc(OC)c1O)COC(/C=C/c(cc1)cc(OC)c1O)=O)=O	[M-H]-	35.0	Thermo Finnigan Elite Orbitrap
CCMSLIB00010128703	OC(CC[C@H]1[C@@H](C2=N/C1=C(CC3=O)\C4=C3C(C)=C(N4)/C=C5N=C(C(C)=C\5CC)/C=C(N/6)/C(C=C)=C(C6=C\2)C)C)=O	[M+H]+	35.0	Thermo Finnigan Elite Orbitrap
CCMSLIB00005724982	CCC(C(/C=C(/C(CCCCCCCC(OC)=O)(C=C1)O)\C1=O)OC(C)=O)O	[M-H]-	35.0	Thermo Finnigan Elite Orbitrap
CCMSLIB00005724812	CN(C(Cc1ccccc1)=N1)c(cccc2)c2C1=O	[M+H]+	35.0	Thermo Finnigan Elite Orbitrap
CCMSLIB00006581973	C1=CC=C(C=C1)C2=CC(=O)C3=C(O2)C(=C(C=C3O)OC4C(C(C(C(O4)C(=O)O)O)O)O)O	[M+H]+	35.0	Thermo Finnigan Elite Orbitrap
CCMSLIB00005724450	COc1ccc([C@@H]([C@H]2C(c(ccc(O)c3)c3O)=O)Oc3c2c(O)c(C(C[C@@H](c(cc2)ccc2O)O2)=O)c2c3)cc1	[M-H]-	35.0	Thermo Finnigan Elite Orbitrap
CCMSLIB00005724782	C[C@@H](CC12SCCN1)OC1OC(CC(CCC(C3CC[C@@]4(C)C(CC5O)C(CO6)=CC6=O)[C@@]45O)[C@]3(C3)C=O)C3O[C@]12O	[M+H]+	35.0	Thermo Finnigan Elite Orbitrap
CCMSLIB00005725171	CC(C(CC1)OC(/C(/C)=C\C)=O)C(C)(CC2=C3C)C1CC2(O)OC3=O	[M+H]+	35.0	Thermo Finnigan Elite Orbitrap
CCMSLIB00005723474	CCCCC(=O)N(CCCC)C(C(=O)NC1CCCCC1)c2cccnc2	[M+H]+	35.0	Thermo Finnigan Elite Orbitrap
CCMSLIB00004681476	C/C(C(NC1=CC=C(C(NC(CC#N)C(NC2=CC=C(C(NC3=CC=C(C(NC4=CC=C(C(O)=O)C(O)=C4OC)=O)C(O)=C3OC)=O)C=C2)=O)=O)C=C1)=O)=C\C5=CC=C(OC)C=C5	[M+H]+	35.0	Thermo Finnigan Elite Orbitrap
CCMSLIB00005725178	COc(c(oc1c2cccc1)c2c(-c(c(O)c1O)c(c(cccc2)c2o2)c2c1OC)c1O)c1O	[M+H]+	35.0	Thermo Finnigan Elite Orbitrap
CCMSLIB00009918415	COC1=C(C=CC(=C1)C2=CC(=O)C3=C(O2)C=C(C(=C3O)OC)O)O	[M-H]-	35.0	Thermo Finnigan Elite Orbitrap
CCMSLIB00005724549	CC(C)(C(CC/C(/C)=C/CC/C(/C)=C/CC/C=C(\C)/CC/C=C(\C)/CCC(C(C)(CO)O)O)O)O	[M+H]+	35.0	Thermo Finnigan Elite Orbitrap
CCMSLIB00010013015	CC(C(C(=O)O)NC1=C(C(=NCC(=O)O)CC(C1)(CO)O)OC)O	[M+H]+	35.0	Thermo Finnigan Elite Orbitrap
CCMSLIB00003142444	OC1=CC(C(CCNC(CCCCCCCCCCCCCCCCCCCCC)=O)=CN2)=C2C=C1	[M+H]+	35.0	Thermo Finnigan Elite Orbitrap
CCMSLIB00005723516	CCCCC(=O)N(CCCC)C(C(=O)NCc1ccccc1)c2cccnc2	[M+H]+	35.0	Thermo Finnigan Elite Orbitrap
CCMSLIB00005724651	CCCCCCCCCCCCCCC[C@@H]1N[C@@H](C)CCC1	[M+H]+	35.0	Thermo Finnigan Elite Orbitrap
CCMSLIB00005725497	CC(CN1CC2C(C)(CC3)C4(CC(C(OC)=O)=C5CC6)C5=C6CC2)C3C14O	[M+H]+	35.0	Thermo Finnigan Elite Orbitrap
CCMSLIB00009918858	OC1=CC(O)=CC(/C=C/C2=CC=C(C=C2)O[C@@H](C3=CC(O)=CC(O)=C3)[C@H](O)C4=CC=C(O)C=C4)=C1	[M-H]-	35.0	Thermo Finnigan Elite Orbitrap
CCMSLIB00005724745	CC(C)(C[C@@H](C1)O)[C@H](CCC2(C)O)[C@@]1(C)[C@]2(CC(C1(C(C=C2OC)=O)C(Oc3c4c(O)cc(O)c3)=CC4=O)C(C)=CCC1C2=O)O	[M+H]+	35.0	Thermo Finnigan Elite Orbitrap
CCMSLIB00009918913	OC1=CC=C([C@H]2C3=C([C@@]([C@@]([H])(C4=CC=C(C=C4)O)OC)([C@@H]2C5=CC(O)=CC(O)=C5)[H])C=C(C=C3OC)OC)C=C1	[M-H]-	35.0	Thermo Finnigan Elite Orbitrap
CCMSLIB00004752955	COc1ccc(C[C@@H](C(Nc2ccc3c(Cc4ccccc34)c2)=O)NC(CN)=O)cc1	[M+H]+	35.0	Thermo Finnigan Elite Orbitrap
CCMSLIB00005725336	CC[C@H](C[C@H](C[C@]12C(OC)=O)C3)[C@H]2N3CCc2c1[nH]c1c2cccc1	[M+H]+	35.0	Thermo Finnigan Elite Orbitrap
CCMSLIB00004684372	C=C1C=C(O[C@H]2[C@@H]1OC3=CC(=CC(=C3C2)O)O)C(=O)O	[M+H]+	35.0	Thermo Finnigan Elite Orbitrap
CCMSLIB00009918857	OC1=CC(O)=CC(/C=C/C2=CC=C(C=C2)O[C@@H](C3=CC(O)=CC(O)=C3)[C@@H](O)C4=CC=C(O)C=C4)=C1	[M-H]-	35.0	Thermo Finnigan Elite Orbitrap
CCMSLIB00006581962	COC(=O)C1C(C(C(C(O1)OC2=C(C(=C3C(=C2)OC(=CC3=O)C4=CC=CC=C4)O)O)O)O)O	[M-H]-	35.0	Thermo Finnigan Elite Orbitrap
CCMSLIB00005724459	Oc1ccc(C(C2C(c(ccc(O)c3)c3O)=O)Oc3c2c(O)c(C(CC(c(cc2)ccc2O)O2)=O)c2c3)cc1	[M-H]-	35.0	Thermo Finnigan Elite Orbitrap
CCMSLIB00005725169	CC(C(CC1)OC(/C(/C)=C\C)=O)C(C)(CC2=C3C)C1CC2(O)OC3=O	[M-H]-	35.0	Thermo Finnigan Elite Orbitrap
CCMSLIB00005724649	CCCCCCCCCCCCC[C@@H]1N[C@@H](C)CCC1	[M+H]+	35.0	Thermo Finnigan Elite Orbitrap
CCMSLIB00005723517	CCCCN(C(=O)CCC(C)C)C(C(=O)NCc1ccccc1)c2cccnc2	[M+H]+	35.0	Thermo Finnigan Elite Orbitrap
CCMSLIB00005691903	CCC(C)C1NC(=O)C2CCCN2C(=O)C(CC(C)C)OC(=O)CCNC(=O)C(C)N(C)C(=O)C(C(C)CC)N(C)C1=O	[M+H]+	35.0	Thermo Finnigan Elite Orbitrap
CCMSLIB00005725182	CC(C)C(C(CC(C)C(CC1)C(C)(CC2)C1(C)C(CC1)C2(C2)C2(CCC2O)C1C2(C)C(OC(C(C1O)O)OC(C)C1O)=O)=O)=C	[M+H]+	35.0	Thermo Finnigan Elite Orbitrap
CCMSLIB00005723492	CC(=O)N(Cc1ccco1)C(C(=O)NC2CCCCC2)c3cccnc3	[M+H]+	35.0	Thermo Finnigan Elite Orbitrap
CCMSLIB00005463849	OCC(OC(CCCC(O)CCCCCC/C=C\CCC[81Br])=O)COP([O-])(OCC[N+](C)(C)C)=O	[M+H]+	35.0	Thermo Finnigan Elite Orbitrap
CCMSLIB00005723442	CCCOC(=O)C(N)Cc1ccc(O)cc1	[M+H]+	35.0	Thermo Finnigan Elite Orbitrap
CCMSLIB00005723467	CCCCC(=O)N(CCCC)C(C(=O)NC1CCCCC1)c2ccc(OC)cc2	[M+H]+	35.0	Thermo Finnigan Elite Orbitrap
CCMSLIB00005788087	CC1CC(=CC=CC(C(OC(=O)C(=CC(=CC(C1O)C)C)C)C(C)C(C(C)C2(CC(C(C(O2)C(C)C)C)OC)O)O)OC)C	[M-H]-	35.0	Thermo Finnigan Elite Orbitrap
CCMSLIB00005725143	CC(CC1CCC2)CC(CC3CCC4)N1C2N3C4=O	[M+H]+	35.0	Thermo Finnigan Elite Orbitrap
CCMSLIB00005725258	CC(C)=CCCC(CC1c2ccccc2)=CCC1C(c(c(O)c(c(OC)c1O)OC)c1OC)=O	[M+H]+	35.0	Thermo Finnigan Elite Orbitrap
CCMSLIB00005723458	CCCCN(C(=O)CC)C(CC)C(=O)NC1CCCCC1	[M+H]+	35.0	Thermo Finnigan Elite Orbitrap
CCMSLIB00005724581	CC(C)=CCC(Cc(c(OC(CC1=O)c(ccc(O)c2)c2O)c1c(OC)c1)c1O)C(C)=C	[M+H]+	35.0	Thermo Finnigan Elite Orbitrap
CCMSLIB00005724442	CCCCCCCCCCCCO[C@H]([C@H]([C@H]1O)O)O[C@H](C)[C@H]1O[C@H]([C@H]([C@H]1O[C@H]([C@H]([C@H]2O[C@H]([C@H]([C@H]3OC(C)=O)O)O[C@H](C)[C@H]3OC(C)=O)OC(C)=O)O[C@H](C)[C@H]2OC(C)=O)O)O[C@H](C)[C@H]1OC(C)=O	[M-H]-	35.0	Thermo Finnigan Elite Orbitrap
CCMSLIB00005723510	CCCCN(C(=O)CCC(C)C)C(C(=O)NCc1ccccc1)c2ccc(OC)cc2	[M+H]+	35.0	Thermo Finnigan Elite Orbitrap
CCMSLIB00010129249	OC1=CC=C(C(O2)=C(C3=CC(O)=CC(O)=C3)C4=C2C=CC(/C=C/C5=CC(OC)=CC(OC)=C5)=C4)C=C1	[M-H]-	35.0	Thermo Finnigan Elite Orbitrap
CCMSLIB00005723485	COc3ccc(C(C(=O)NC1CCCCC1)N(Cc2ccco2)C(C)=O)cc3	[M+H]+	35.0	Thermo Finnigan Elite Orbitrap
CCMSLIB00004721934	O[C@@H]1[C@@H](O)[C@@H](SCCOC(C2=C(O)C=CC=C2)=O)O[C@@]([C@@](NC([C@@H]3C[C@@H](CCC)CN3C)=O)([H])[C@@H](C)OC)([H])[C@@H]1O	[M+H]+	35.0	Thermo Finnigan Elite Orbitrap
CCMSLIB00004721849	CCCC(C(=O)C1=CC=CC=C1)N2CCCC2	[M+H]+	35.0	Thermo Finnigan Elite Orbitrap
CCMSLIB00005723430	CCCOC(=O)C(N)CCSC	[M+H]+	35.0	Thermo Finnigan Elite Orbitrap
CCMSLIB00009918883	OC1=CC(O)=CC(/C=C/C2=CC=C(C=C2)O[C@@H](C3=CC(O)=CC(O)=C3)[C@H](OCCCC)C4=CC=C(O)C=C4)=C1	[M-H]-	35.0	Thermo Finnigan Elite Orbitrap
CCMSLIB00007461110	[H][C@@]12[C@H](C([C@@H]([C@H]([C@H](C(C)(/C=C/[C@@H]([C@@H]([C@]1(C[C@@](OC(C)=O)([C@@H]2OC(c3ccccc3)=O)C)O)OC(C)=O)C)C)OC(C)=O)OC(C)=O)OC(C)=O)=C)OC(C)=O	[M+H]+	35.0	Thermo Finnigan Elite Orbitrap
CCMSLIB00005724525	C[C@@H](CC12SCC=N1)OC1OC(CC(CCC(C3CC[C@@]4(C)C(CC5)C(CO6)=CC6=O)[C@@]45O)[C@]3(C3)C=O)C3O[C@]12O	[M-H]-	35.0	Thermo Finnigan Elite Orbitrap
CCMSLIB00004679223	C/C1=C\C(N(O)CCCC(NC(C)=O)C(OCC/C(C)=C\C(N(O)CCCC(NC(C)=O)C(OCC/C(C)=C\C(N(O)CCCC(NC(C)=O)C(OCC1)=O)=O)=O)=O)=O)=O	[M+H]+	35.0	Thermo Finnigan Elite Orbitrap
CCMSLIB00005691882	CC1C(=O)NCCC(=O)OC(C(=O)N2CCCC2C(=O)NC(C(=O)N(C(C(=O)N1C)C(C)C)C)C(C)C)CC(C)C(=O)O	[M+H]+	35.0	Thermo Finnigan Elite Orbitrap
CCMSLIB00010013067	CC(C)CC(N1CC2=C(C1=O)C(O)=C(O)C(O)=C2C)C(O)=O	[M+H]+	35.0	Thermo Finnigan Elite Orbitrap
CCMSLIB00006718040	O[C@@]12[C@]3([H])CC[C@@]4([H])C[C@@H](O[C@H]5[C@@]([C@]6(N=CCS6)C[C@@H](C)O5)(O)O7)[C@H]7C[C@]4(C=O)[C@@]3([H])CC[C@]1(C)[C@@H](C8=CC(OC8)=O)[C@H](O)C2	[M+H]+	35.0	Thermo Finnigan Elite Orbitrap
CCMSLIB00005723498	CCCCN(C=O)C(CC)C(=O)NCc1ccccc1	[M+H]+	35.0	Thermo Finnigan Elite Orbitrap
CCMSLIB00009918906	OC1=CC=C([C@H]2C3=C([C@@]([C@@]([H])(C4=CC=C(C=C4)O)OCC(C)C)([C@@H]2C5=CC(OC)=CC(OC)=C5)[H])C=C(C=C3OC)OC)C=C1	[M-H]-	35.0	Thermo Finnigan Elite Orbitrap
CCMSLIB00005724468	CCCC(CC(O)=O)C(C(C)(C)C(CC=C(C)C)CC12CC=C(C)C)=C1OC(O)=C(C(CC(C)C)=O)C2=O	[M-H]-	35.0	Thermo Finnigan Elite Orbitrap
CCMSLIB00004721991	C1=CC=C2C(=C1)C(=C3C=C(NC3=O)C4=CNC5=C4C=C(C=C5)O)C(=O)N2	[M-H]-	35.0	Thermo Finnigan Elite Orbitrap
CCMSLIB00009918441	ClC(CCCC/C=C/CCC(N(C)[C@@H](COC)COC(C)=O)=O)CCCCCCO	[M+H]+	35.0	Thermo Finnigan Elite Orbitrap
CCMSLIB00010011957	COC1=C(Br)[C@H](O)[C@@]2(ON=C(C(NCCCCCNC(C3=NO[C@@]4([C@@H](O)C(Br)=C(OC)C(Br)=C4)C3)=O)=O)C2)C=C1Br	[M+H]+	35.0	Thermo Finnigan Elite Orbitrap
CCMSLIB00007460761	C/C(C(C/C=C(CC/C=C(CCC1([H])C2(C)C)\C)\C)=O)=C\C12[H]	[M+H]+	35.0	Thermo Finnigan Elite Orbitrap
CCMSLIB00011428488	CC1C(NC(=O)C(NC(=O)C(C(NC(=O)C(NC(=O)C(NC(=O)C(=C)N(C(=O)CCC(NC1=O)C(=O)O)C)C)CC(C)C)C(=O)O)C)CC2=CC=CC=C2)C=CC(=CC(C)C(CC3=CC=CC=C3)OC)C	[M+H]+	35.0	Thermo Finnigan Elite Orbitrap
CCMSLIB00005725429	CN(CCc1cc(OC)c2O)C(Cc(cc3)ccc3Oc(c(C(C3)N(C)CC4)c4cc4OC)c4O)c1c2Oc1ccc3cc1	[M+H]+	35.0	Thermo Finnigan Elite Orbitrap
CCMSLIB00005725454	CN(CCc1c2)C(Cc3cc(Oc4c(C(Cc5cccc(OC)c5O5)N(C)CC6)c6cc(O)c4OC)ccc3)c1cc5c2OC	[M+H]+	35.0	Thermo Finnigan Elite Orbitrap
CCMSLIB00005724634	Oc1ccc(C(C2C(C(c(cc3)ccc3O)Oc3c4ccc(O)c3)C4=O)Oc(cc(cc3)O)c3C2=O)cc1	[M+H]+	35.0	Thermo Finnigan Elite Orbitrap
CCMSLIB00010013054	O=C(O)C(NC(CCCCC/C=C/CCCCCC)=O)CCO	[M+H]+	35.0	Thermo Finnigan Elite Orbitrap
CCMSLIB00005724527	C[C@@H](CC12SCCN1)OC1OC(CC(CCC(C3CC[C@@]4(C)C(CC5O)C(CO6)=CC6=O)[C@@]45O)[C@]3(C3)C=O)C3O[C@]12O	[M-H]-	35.0	Thermo Finnigan Elite Orbitrap
CCMSLIB00005723502	CCCCC(=O)N(CCCC)C(CC)C(=O)NCc1ccccc1	[M+H]+	35.0	Thermo Finnigan Elite Orbitrap
CCMSLIB00005720255	O=C(N[C@@H](CC(C)C)C(N[C@H](CC(C)C)C(N[C@H]1CC(C)C)=O)=O)[C@H]([C@@H](C)CC)NC([C@@H](CC2=CC=CC=C2)NC([C@@H]([C@@H](C)CC)NC1=O)=O)=O	[M+H]+	35.0	Thermo Finnigan Elite Orbitrap
CCMSLIB00009918861	OC1=CC=C([C@@H]2[C@@H](C3=CC(O)=CC(O)=C3)[C@H](C4=CC(OC)=CC(OC)=C4)[C@@H](C5=CC=C(C=C5)O)O2)C=C1	[M-H]-	35.0	Thermo Finnigan Elite Orbitrap
CCMSLIB00009918889	OC1=CC(O)=CC(/C=C/C2=CC=C(C=C2)O[C@@H](C3=CC(OC)=CC(OC)=C3)[C@H](OCCCC)C4=CC=C(O)C=C4)=C1	[M-H]-	35.0	Thermo Finnigan Elite Orbitrap
CCMSLIB00010129506	CC1=C(O)C(C=C2C1=CC=C3[C@@](C(O)C[C@]4([C@]5([H])C[C@@](CC[C@](CC[C@]34C)5C)(C(OC)=O)C)C)2C)=O	[M+H]+	35.0	Thermo Finnigan Elite Orbitrap
CCMSLIB00005725401	CC1(C2(C(C)(C(CC(C(C)(C(C3)OC(C)=O)C(O)OC4)C44C3O)O)C4=C3O)OC2CC1c1cocc1)C3=O	[M-H]-	35.0	Thermo Finnigan Elite Orbitrap
CCMSLIB00005724878	CC(C)(/C=C/C([C@](C)([C@H]([C@H](C1)O)[C@](C)(C2)[C@@]1(C)[C@@H](CC=C([C@@H]1C[C@H]3O)C(C)(C)C3=O)[C@]1(C)C2=O)O)=O)O	[M-H]-	35.0	Thermo Finnigan Elite Orbitrap
CCMSLIB00011268822	O=C(O)[C@@H](O)[C@]1(O)[C@@H](C)[C@H](OC)[C@@](C)(O)[C@@](C[C@@](C[C@@H](OC)[C@H]2C)([H])O[C@]32[C@@H](C)[C@H](OC)[C@](C)([C@]4([H])CC[C@@]([C@]5([H])O[C@]([C@]6([H])[C@@H](C)[C@H](O[C@@]7([H])CC[C@H](OC)[C@@H](C)O7)[C@@H](C)[C@@](C)(O)O6)([H])CC5)([H])O4)O3)([H])O1	[M-H]-	35.0	Thermo Finnigan Elite Orbitrap
CCMSLIB00005723514	CCCCN(C(=O)CC)C(C(=O)NCc1ccccc1)c2cccnc2	[M+H]+	35.0	Thermo Finnigan Elite Orbitrap
CCMSLIB00010129501	O=C1C=C(C)C(OC2OC(COC(C3=CC(O)=C(O)C(O)=C3)=O)C(O)C(O)C2O)CO1	[M+H]+	35.0	Thermo Finnigan Elite Orbitrap
CCMSLIB00005723524	CCC(C(=O)NCc1ccccc1)N(Cc2ccco2)C(=O)CCC(C)C	[M+H]+	35.0	Thermo Finnigan Elite Orbitrap
CCMSLIB00005724547	O[C@@H]([C@H](COC(/C=C/c(cc1)ccc1O)=O)O[C@@H]([C@H]1OC(/C=C/c(cc2)ccc2O)=O)Oc(cc2O)cc(OC(c(cc3)ccc3O)=C3)c2C3=O)[C@H]1O	[M+H]+	35.0	Thermo Finnigan Elite Orbitrap
CCMSLIB00005724529	C[C@@H](CCC(C)C(C)(C)C)[C@H](CC1)[C@](C)(CC2)C1C(C1)C2[C@](C)(CC([C@@H](C2)OS(O)(=O)=O)OS(O)(=O)=O)[C@@H]2[C@@H]1OS(O)(=O)=O	[M-H]-	35.0	Thermo Finnigan Elite Orbitrap
CCMSLIB00005723525	C/C=C/C(=O)N(Cc1ccco1)C(CC)C(=O)NCc2ccccc2	[M+H]+	35.0	Thermo Finnigan Elite Orbitrap
CCMSLIB00005724641	Oc1ccc([C@@H]([C@H]([C@@H]2C(c(ccc(O)c3)c3O)=O)C(c(ccc(O)c3)c3O)=O)O[C@@H]2c(cc2)ccc2O)cc1	[M+H]+	35.0	Thermo Finnigan Elite Orbitrap
CCMSLIB00005724526	C[C@H]([C@H]([C@@H]([C@@H]1O)O)O)O[C@@H]1OC1=C(c(cc2)cc(O)c2O)Oc(cc(cc2O)O)c2C1=O	[M-H]-	35.0	Thermo Finnigan Elite Orbitrap
CCMSLIB00010013046	O=C(O)C(NC(CCCCCC)=O)CCO	[M+H]+	35.0	Thermo Finnigan Elite Orbitrap
CCMSLIB00005724844	C[C@@](CCC1)(C(CC[C@H]2C3)[C@@]3(CC3)C=C2C=O)C3[C@@]1(C)C(O)=O	[M-H]-	35.0	Thermo Finnigan Elite Orbitrap
CCMSLIB00005724017	CC(C)[C@@H](/C=C(\C)/C(=O)O)N(C)C(=O)[C@H](C(C)C)NC(=O)[C@H](CO)N=C(N)N	[M+H]+	35.0	Thermo Finnigan Elite Orbitrap
CCMSLIB00011277756	O=C(O)[C@@H](O)[C@]1(O)[C@@H](C)[C@H](O)[C@@](C)(OC)[C@@](C[C@@](C[C@@H](OC)[C@H]2C)([H])O[C@]32[C@@H](C)[C@H](OC)[C@](C)([C@]4([H])CC[C@@]([C@]5([H])O[C@]([C@]6([H])[C@@H](C)[C@H](O[C@@]7([H])CC[C@H](OC)[C@@H](C)O7)[C@@H](C)[C@@](C)(O)O6)([H])CC5)([H])O4)O3)([H])O1	[M-H]-	35.0	Thermo Finnigan Elite Orbitrap
CCMSLIB00005725371	CC[C@@]1(CC(C(OC)=O)=C([C@@]23CC4)Nc5c2cccc5)C3N4C[C@@H]2O[C@H]12	[M+H]+	35.0	Thermo Finnigan Elite Orbitrap
CCMSLIB00005724271	CCC(C)C(NC(=O)C1=CC(CC)CC2C1CCC2=O)C(O)=O	[M-H]-	35.0	Thermo Finnigan Elite Orbitrap
CCMSLIB00005725419	CN(CC1)C(C2)c3c1ccc(O)c3Oc(cc1OC)c2cc1OC	[M+H]+	35.0	Thermo Finnigan Elite Orbitrap
CCMSLIB00004752971	C1CNCC[C@@H]1Cn1c(ccc1c1ccc(cc1)Oc1ccccc1)C(c1ccccn1)=O	[M+H]+	35.0	Thermo Finnigan Elite Orbitrap
CCMSLIB00006675750	CC(=O)N1CC(NCC1CC2=CC=CC=C2)CC3=CC4=C(C(=C3)OC)OCO4	[M+H]+	35.0	Thermo Finnigan Elite Orbitrap
CCMSLIB00010129237	OC(C=C1)=CC=C1[C@@H](O2)[C@@H](C3=CC(OC)=CC(OC)=C3)C4=C2C=CC(/C=C\C5=CC(O)=CC(O)=C5)=C4	[M-H]-	35.0	Thermo Finnigan Elite Orbitrap
CCMSLIB00005725424	CN(CCc1cc(OC)c2OC3)C(Cc(cc4)ccc4Oc(c(C(C4)N(C)CC5)c5cc5OC)c5OC)c1c2Oc1c3cc4cc1	[M+H]+	35.0	Thermo Finnigan Elite Orbitrap
CCMSLIB00005716784	OC[C@@H]1[C@@H](O)[C@H](O)[C@@H](O)[C@H](OC[C@H]2[C@H](O)CC(O2)=O)O1	[M+H]+	35.0	Thermo Finnigan Elite Orbitrap
CCMSLIB00011428632	[H][C@]1([C@H](CC2=CNC3=CC=CC=C32)NC4=O)[C@]4(C(/C=C/[C@H](O)[C@H](O)/C(C)=C/[C@@H](C)C/C=C/5)=O)[C@@H]5C(O)C(C)=C1C	[M+H]+	35.0	Thermo Finnigan Elite Orbitrap
CCMSLIB00005725191	CCCCC/C=C\C=C\C1(O[C@@]2([C@H]([C@@H]3C)OC(c4ccccc4)=O)C(C)=C)O[C@]3(C([C@]3([C@H]([C@]4(CO)O[C@@H]44)O)O)C=C(C)C3=O)C4[C@@H]2O1	[M-H]-	35.0	Thermo Finnigan Elite Orbitrap
CCMSLIB00005723423	OC1=C(O)C(C)(C)C(N1)CC(C=C2)=CC=C2OC(C3O)OC(CO)C(O)C3O	[M+H]+	35.0	Thermo Finnigan Elite Orbitrap
CCMSLIB00009918910	OC1=CC(O)=CC(/C=C/C2=CC=C(C=C2)O[C@@H](C3=CC(O)=CC(O)=C3)[C@H](OC)C4=CC=C(O)C=C4)=C1	[M-H]-	35.0	Thermo Finnigan Elite Orbitrap
CCMSLIB00009918499	O=C1O[C@@H]2[C@]3(O)[C@@]([C@H](O)C(C=C3C)=O)(C)CC[C@@]2([H])[C@H]1C	[M+H]+	35.0	Thermo Finnigan Elite Orbitrap
CCMSLIB00005724838	C[C@@H](CC1)[C@@](C)(CC([C@@H]2OC(/C(/C)=C\C)=O)(C(CO3)=C)C3=O)C2[C@H]1OC(/C=C/SC)=O	[M-H]-	35.0	Thermo Finnigan Elite Orbitrap
CCMSLIB00005724278	CN1C(CC2=CNC3=C2C(=CC=C3)[N+]([O-])=O)C(=O)NC(O)(CC2=CC=CC=C2)C1=O	[M+H]+	35.0	Thermo Finnigan Elite Orbitrap
CCMSLIB00005724444	CC(C)=CCc(c(O)c(CC=C(C)C)c(OC)c1C(c(cc2)ccc2O)=O)c1O	[M-H]-	35.0	Thermo Finnigan Elite Orbitrap
CCMSLIB00005723513	CCCCN(C(C)=O)C(C(=O)NCc1ccccc1)c2cccnc2	[M+H]+	35.0	Thermo Finnigan Elite Orbitrap
CCMSLIB00005723483	C/C=C/C(=O)N(Cc1ccco1)C(CC)C(=O)NC2CCCCC2	[M+H]+	35.0	Thermo Finnigan Elite Orbitrap
CCMSLIB00009918879	OC1=CC(O)=CC([C@@H]([C@H](OC(C)C)C2=CC=C(O)C=C2)OC(C=C3)=CC=C3/C=C/C4=CC(OC)=CC(OC)=C4)=C1	[M-H]-	35.0	Thermo Finnigan Elite Orbitrap
CCMSLIB00005720253	O=C(N[C@@H](CC(C)C)C(N[C@H](CC(C)C)C(N[C@H]1[C@@H](C)CC)=O)=O)[C@H](C(C)C)NC([C@@H]([C@@H](C)CC)NC([C@H](CC(C)C)NC1=O)=O)=O	[M+H]+	35.0	Thermo Finnigan Elite Orbitrap
CCMSLIB00005723507	CCCCN(C(=O)CC)C(C(=O)NCc1ccccc1)c2ccc(OC)cc2	[M+H]+	35.0	Thermo Finnigan Elite Orbitrap
CCMSLIB00005691905	CC(C)C1NC(=O)C2CCCN2C(=O)C(CC2CO2)OC(=O)CCNC(=O)C(C)N(C)C(=O)C(C(C)C)N(C)C1=O	[M+H]+	35.0	Thermo Finnigan Elite Orbitrap
CCMSLIB00005724751	C[C@@H]([C@@H](CC(C1(C(C=C2OC)=O)C(Oc3c4c(O)cc(O)c3)=CC4=O)C(C)=CCC1C2=O)[C@](C)(C1)[C@H](C2)C(C)(C)C[C@H]1O)[C@@H]2O	[M+H]+	35.0	Thermo Finnigan Elite Orbitrap
CCMSLIB00005724293	CCC(C)CNC(=O)C1=CC(CC)CC2C1CCC2=O	[M-H]-	35.0	Thermo Finnigan Elite Orbitrap
CCMSLIB00010013050	O=C(O)C(NC(CCCCCCCCCC)=O)CCO	[M+H]+	35.0	Thermo Finnigan Elite Orbitrap
CCMSLIB00011428629	[H][C@]1([C@H](CC2=CNC3=CC=CC=C32)NC4=O)[C@]4(C(CC[C@H](O)C5=O)=O)[C@](/C=C/C[C@H](C)/C=C5\C)([H])C(O6)C6(C)[C@H]1C	[M+H]+	35.0	Thermo Finnigan Elite Orbitrap
CCMSLIB00005724485	COc(cc1)ccc1C(Oc(c(C1=O)c2O)cc(O)c2OC)=C1OC	[M-H]-	35.0	Thermo Finnigan Elite Orbitrap
CCMSLIB00005724424	CC(OCC(Cc(cc1)cc(OC)c1O)C(Cc(cc1)cc(OC)c1O)COC(/C=C/c(cc1)cc(O)c1O)=O)=O	[M-H]-	35.0	Thermo Finnigan Elite Orbitrap
CCMSLIB00010129246	OC(C=C1)=C(OC)C=C1[C@@H](O2)[C@@H](C3=CC(O)=CC(O)=C3)C4=C2C(OC)=CC(/C=C/C5=CC(O)=CC(O)=C5)=C4	[M-H]-	35.0	Thermo Finnigan Elite Orbitrap
CCMSLIB00005723506	CCCCN(C(C)=O)C(C(=O)NCc1ccccc1)c2ccc(OC)cc2	[M+H]+	35.0	Thermo Finnigan Elite Orbitrap
CCMSLIB00005723482	CCC(C(=O)NC1CCCCC1)N(Cc2ccco2)C(=O)CCC(C)C	[M+H]+	35.0	Thermo Finnigan Elite Orbitrap
CCMSLIB00004746757	C1=CC(=C(C(=C1)Cl)[N+](=O)[O-])C2=CNC=C2Cl	[M-H]-	35.0	Thermo Finnigan Elite Orbitrap
CCMSLIB00009918911	OC1=CC(O)=CC(/C=C/C2=CC=C(C=C2)O[C@@H](C3=CC(O)=CC(O)=C3)[C@@H](OC)C4=CC=C(O)C=C4)=C1	[M-H]-	35.0	Thermo Finnigan Elite Orbitrap
CCMSLIB00005724839	C[C@@H](CC1)[C@@](C)(CC([C@@H]2OC(/C(/C)=C\C)=O)(C(CO3)=C)C3=O)C2[C@H]1OC(/C=C/SC)=O	[M+H]+	35.0	Thermo Finnigan Elite Orbitrap
CCMSLIB00006718002	O[C@@H](C1=CC=C(O)C(OC)=C1)[C@@]2([H])[C@@](C3=C(/C=C/C(O)=O)C=C(O)C(O)=C3)([H])[C@@H](C4=CC(OC)=C(O)C=C4)OC2=O	[M-H]-	35.0	Thermo Finnigan Elite Orbitrap
CCMSLIB00005436171	OC[C@H]1O[C@H](OC[C@H]2OC(O)[C@H](O)[C@@H](O)[C@@H]2O)[C@H](O)[C@@H](O)[C@H]1O	[M-H]-	35.0	Thermo Finnigan Elite Orbitrap
CCMSLIB00009918923	OC1=CC(O)=CC([C@@H]([C@H](OCC)C2=CC=C(O)C=C2)OC(C=C3)=CC=C3/C=C/C4=CC(OC)=CC(OC)=C4)=C1	[M-H]-	35.0	Thermo Finnigan Elite Orbitrap
CCMSLIB00005725262	CC(C(C(C1)O2)C(C)(CCC3C(C)(C(C(C(C4O)O)O)O)C4(C4=O)O)C1C3C4O)C2(CC1)OCC1=C	[M-H]-	35.0	Thermo Finnigan Elite Orbitrap
CCMSLIB00005724301	C[C@@H]1CCN2[C@@H]1C(=O)N[C@H](C(=O)N[C@H](C(=NCC2=O)N[C@H](C(=O)N[C@@H]([C@@H](C)C3=CC=CC=C3)C(=O)N[C@H](CC(=O)OC)C4=NC=CS4)C(C)(C)C)C(C)(C)C)C(C)C	[M+H]+	35.0	Thermo Finnigan Elite Orbitrap
CCMSLIB00005723422	OC1=CC=C(CC(C2(C)C)NC(C2=O)=O)C=C1	[M+H]+	35.0	Thermo Finnigan Elite Orbitrap
CCMSLIB00005724832	CC(C)(CC1)CC(C(C)(CCC2C3(C)CCC(C(C)(C)C4OC(c(cc5)ccc5O)=O)C2(C)CC4OC(c(cc2)ccc2O)=O)C3=CC2)C12C(O)=O	[M-H]-	35.0	Thermo Finnigan Elite Orbitrap
CCMSLIB00005723497	C/C=C/C(=O)N(Cc1ccco1)C(C(=O)NC2CCCCC2)c3cccnc3	[M+H]+	35.0	Thermo Finnigan Elite Orbitrap
CCMSLIB00006718004	OC(/C=C/C1=CC(OC)=C(O)C(/C=C/C2=CC=C(O)C(OC)=C2)=C1)=O	[M-H]-	35.0	Thermo Finnigan Elite Orbitrap
CCMSLIB00005724731	C[C@](CCC1)([C@H](CC(C2(C(C=C3OC)=O)C(Oc4c5c(O)cc(O)c4)=CC5=O)C(C)=CCC2C3=O)C([C@@H](C2)O)=C)[C@H]2[C@@]1(C)C(O)=O	[M+H]+	35.0	Thermo Finnigan Elite Orbitrap
CCMSLIB00010013059	O=C(O)C(NC(CC(CCCCCCCCCCCCC)=O)=O)CCO	[M+H]+	35.0	Thermo Finnigan Elite Orbitrap
CCMSLIB00000840372	C1[C@@H](C(C2[C@](C1)(C1[C@@](CC2)([C@@]2(C(=CC1)C1[C@@](C=C2)(CCC(C1)(C)C)C(=O)O[C@H]1OCC(O)C(C1O)O)C)C)C)(C)C)O[C@@H]1OC([C@@H](O)C(O)C1O)C(=O)O	[M-H]-	35.0	Thermo Finnigan Elite Orbitrap
CCMSLIB00005691884	CCC(C)C1NC(=O)C2CCCN2C(=O)C(CC(O)CO)OC(=O)CCNC(=O)C(C)N(C)C(=O)C(C(C)C)N(C)C1=O	[M+H]+	35.0	Thermo Finnigan Elite Orbitrap
CCMSLIB00006718001	OC1=CC(C=C([C@@]2([H])[C@]34C=C(O)C(C=C4/C=C/C(O)=O)=O)C(O[C@@]2([H])C5=CC=C(O)C(OC)=C5)=O)=C3C=C1O	[M-H]-	35.0	Thermo Finnigan Elite Orbitrap
CCMSLIB00009918867	OC1=CC(O)=CC(/C=C/C2=CC=C(C=C2)O[C@@H](C3=CC(O)=CC(O)=C3)[C@@H](OC(C)C)C4=CC=C(O)C=C4)=C1	[M-H]-	35.0	Thermo Finnigan Elite Orbitrap
CCMSLIB00005723676	O=C(CC(N[C@@H]1C(OCC1)=O)=O)CCCCCCCCCN=C=S	[M+H]+	35.0	Thermo Finnigan Elite Orbitrap
CCMSLIB00010013018	OC(CC(NCC)=C/1OC)(CO)CC1=N/CC(O)=O	[M+H]+	35.0	Thermo Finnigan Elite Orbitrap
CCMSLIB00009918417	COC1=CC(=CC(=C1O)OC)C2=CC(=O)C3=C(O2)C=C(C(=C3O)OC)O	[M-H]-	35.0	Thermo Finnigan Elite Orbitrap
CCMSLIB00009918891	OC1=CC(O)=CC([C@@H]([C@H](OCCCC)C2=CC=C(O)C=C2)OC(C=C3)=CC=C3/C=C/C4=CC(OC)=CC(OC)=C4)=C1	[M-H]-	35.0	Thermo Finnigan Elite Orbitrap
CCMSLIB00005723451	CCCCOC(=O)C(N)CC(C)C	[M+H]+	35.0	Thermo Finnigan Elite Orbitrap
CCMSLIB00005723475	CCCCN(C(=O)CCC(C)C)C(C(=O)NC1CCCCC1)c2cccnc2	[M+H]+	35.0	Thermo Finnigan Elite Orbitrap
CCMSLIB00005724422	CC(C)(CCC1)C2[C@]1(CO)C(CC[C@H](C1)[C@@](COC(/C=C/c(cc3)cc(O)c3O)=O)(C3)O)[C@]13CC2	[M-H]-	35.0	Thermo Finnigan Elite Orbitrap
CCMSLIB00005716876	CCCC1CC(C(NC(C(Cl)C)C2C(O)C(O)C(O)C(S(C)=O)O2)=O)N(C)C1	[M+H]+	35.0	Thermo Finnigan Elite Orbitrap
CCMSLIB00009918925	OC(C=C1)=CC=C1[C@H]2[C@H](C3=CC(O)=CC(O)=C3)[C@@H](C4=CC(OC)=CC(OC)=C4)[C@@H](C5=CC=C(O)C=C5)O2	[M-H]-	35.0	Thermo Finnigan Elite Orbitrap
CCMSLIB00005724613	COc(ccc(C(Oc1c2c(O)cc(O)c1)=CC2=O)c1)c1-c(c(OC(c(cc1)ccc1O)=C1)c(c(O)c2)C1=O)c2O	[M+H]+	35.0	Thermo Finnigan Elite Orbitrap
CCMSLIB00007784646	[H][C@@]12[C@H](C([C@@H](C[C@H](C(C)(/C=C/[C@H](C([C@]1(C[C@@](OC(C)=O)([C@@H]2OC(C)=O)C)OC(C)=O)=O)C)C)OC(c3cnccc3)=O)OC(C)=O)=C)OC(C)=O	[M+H]+	35.0	Thermo Finnigan Elite Orbitrap
CCMSLIB00010129500	CC1=C(OC)C(C)=C2C(C(C=C(C3=CC=C(O)C=C3)O2)=O)=C1O	[M+H]+	35.0	Thermo Finnigan Elite Orbitrap
CCMSLIB00011275049	O=C(O)[C@@H](O)[C@]1(O)[C@@H](C)[C@H](OC)[C@@](C)(OC)[C@@](C[C@@](C[C@@H](OC)[C@H]2C)([H])O[C@]32[C@@H](C)[C@H](OC)[C@](C)([C@]4([H])CC[C@@]([C@]5([H])O[C@]([C@]6([H])[C@@H](C)[C@H](O)[C@@H](C)[C@@](C)(O)O6)([H])CC5)([H])O4)O3)([H])O1	[M-H]-	35.0	Thermo Finnigan Elite Orbitrap
CCMSLIB00009918927	OC1=CC=C([C@H]2C3=C([C@@]([C@@]([H])(C4=CC=C(C=C4)O)OCC)([C@@H]2C5=CC(OC)=CC(OC)=C5)[H])C=C(C=C3O)O)C=C1	[M-H]-	35.0	Thermo Finnigan Elite Orbitrap
CCMSLIB00006126857	CC1CC2CCC(C(=CC3C(=C(CCC34CCCN=C4CCC=C(C1O2)C)C5C=C(C(=O)O5)C)C)C)O	[M+H]+	35.0	Thermo Finnigan Elite Orbitrap
CCMSLIB00005788070	CC(C)CCCCCCC=CC(=O)NC1C(C(C(OC1OC2C(C(C(C(O2)CO)O)O)NC(=O)C)CC(C3C(C(C(O3)N4CCC(=O)NC4=O)O)O)O)O)O	[M+H]+	35.0	Thermo Finnigan Elite Orbitrap
CCMSLIB00005724452	COc(cc1)cc(O)c1C(C(C(c(cc1)ccc1O)c(cc1)ccc1O)C1=COc(cc(cc2)O)c2C1=O)=O	[M-H]-	35.0	Thermo Finnigan Elite Orbitrap
CCMSLIB00005724650	CCCCCCCCC/C=C\CCCC[C@@H]1N[C@@H](C)CCC1	[M+H]+	35.0	Thermo Finnigan Elite Orbitrap
CCMSLIB00011427196	O=C(O)[C@@H](O)[C@]1(O)[C@@H](C)[C@H](O)[C@@](C)(O)[C@@](C[C@@](C[C@@H](OC)[C@H]2C)([H])O[C@]32[C@@H](C)[C@H](OC)[C@](C)([C@]4([H])CC[C@@]([C@]5([H])O[C@]([C@]6([H])[C@@H](C)[C@H](O[C@@]7([H])CC[C@H](OC)[C@@H](C)O7)[C@@H](C)[C@@](C)(O)O6)([H])CC5)([H])O4)O3)([H])O1	[M-H]-	35.0	Thermo Finnigan Elite Orbitrap
CCMSLIB00005463848	OCC(OC(CCCC(O)CCCCCC/C=C\CCC[79Br])=O)COP([O-])(OCC[N+](C)(C)C)=O	[M+H]+	35.0	Thermo Finnigan Elite Orbitrap
CCMSLIB00005463734	C[C@H]1[C@H]([C@H]([C@H]([C@@H](O1)OC2=C(OC3=CC(=CC(=C3C2=O)O)O)C4=CC(=C(C=C4)O)O)O)O)O	[M-H]-	35.0	Thermo Finnigan Elite Orbitrap
CCMSLIB00004679227	OCC/C(C)=C/C(N(O)CCCC(N)C(OCC/C(C)=C/C(N(CCCC1([H])NC(C(NC1=O)([H])CCCN(O)C(/C=C(C)/CCO)=O)=O)O)=O)=O)=O	[M+H]+	35.0	Thermo Finnigan Elite Orbitrap
CCMSLIB00010129269	OC1=CC=C([C@H](O2)[C@H](C3=CC(O)=CC(O)=C3)C4=C2C=CC(/C=C/C5=CC(O)=C(I)C(O)=C5)=C4)C=C1	[M-H]-	35.0	Thermo Finnigan Elite Orbitrap
CCMSLIB00005724735	CC(C)(C[C@H](C1)O)[C@@H](C[C@H]2O)[C@]1(C)[C@H](CC(C1(C(C=C3OC)=O)C(Oc4c5c(O)cc(O)c4)=CC5=O)C(C)=CCC1C3=O)C2=C	[M+H]+	35.0	Thermo Finnigan Elite Orbitrap
CCMSLIB00005723491	O=CN(Cc1ccco1)C(C(=O)NC2CCCCC2)c3cccnc3	[M+H]+	35.0	Thermo Finnigan Elite Orbitrap
CCMSLIB00005725394	CC(CC(C(CC1)N(CCC2)C1C(C1C)C2OC1C(C=C1C)OC1=O)O1)C1=O	[M+H]+	35.0	Thermo Finnigan Elite Orbitrap
CCMSLIB00006126854	CC1CC2C3C(CC4(O3)C(CC(CN4)C)C)OC(C1)(O2)CC(=C)C5C(CC(C(O5)(C(C6CC7C(O6)CC(C8(O7)CCC9(O8)CC(=CC(O9)C=CCCC(=O)O)C)C)O)O)C)C	[M+H]+	35.0	Thermo Finnigan Elite Orbitrap
CCMSLIB00005725439	CN(CC1)C(C2)c3c1cc1OCOc1c3C2(C=C1)C=CC1=O	[M+H]+	35.0	Thermo Finnigan Elite Orbitrap
CCMSLIB00005723519	CCC(C(=O)NCc1ccccc1)N(C=O)Cc2ccco2	[M+H]+	35.0	Thermo Finnigan Elite Orbitrap
CCMSLIB00003165116	O=C1C[C@]2(C)C(CC[C@]3(C[C@@]4(COC(C(O)5[H])OC(CO)C(O)C5O)O)C2[C@@H](O)C[C@@H]4C3)C6=C1OC=C6	[M+H]+	35.0	Thermo Finnigan Elite Orbitrap
CCMSLIB00005434454	CCC1C(C(C(N(CC(CC(C(C(C(C(C(=O)O1)C)OC2CC(C(C(O2)C)O)(C)OC)C)OC3C(C(CC(O3)C)N(C)C)O)(C)O)C)C)C)O)(C)O	[M-H]-	35.0	Thermo Finnigan Elite Orbitrap
CCMSLIB00005724910	CC(C)(C(CC1)C(C)(CC2)C(CC3)C1(C)C(C)(CC1)C3C(C(CC3)C(C)=C)C13C(O)=O)C2OC(/C=C/c(cc1)cc(O)c1O)=O	[M-H]-	35.0	Thermo Finnigan Elite Orbitrap
CCMSLIB00010129275	OC(C=C1)=CC=C1[C@@H](O2)[C@@H](C3=CC(OC)=CC(OC)=C3)C4=C2C=CC(/C=C/C5=CC(OC)=C(I)C(OC)=C5)=C4	[M-H]-	35.0	Thermo Finnigan Elite Orbitrap
CCMSLIB00005723489	COc3ccc(C(C(=O)NC1CCCCC1)N(Cc2ccco2)C(=O)CCC(C)C)cc3	[M+H]+	35.0	Thermo Finnigan Elite Orbitrap
CCMSLIB00005725365	CCC(CN(C)C1)C(CC2=O)C1Cc1c2[nH]c2c1cccc2	[M+H]+	35.0	Thermo Finnigan Elite Orbitrap
CCMSLIB00005720252	O=C(N[C@@H](CC(C)C)C(N[C@H](CC(C)C)C(N[C@H]1CC2=CC=C(O)C=C2)=O)=O)[C@H](C(C)C)NC([C@@H](CC3=CC=C(O)C=C3)NC([C@@H]([C@H](CC)C)NC1=O)=O)=O	[M+H]+	35.0	Thermo Finnigan Elite Orbitrap
CCMSLIB00009918418	COC1=CC(=CC(=C1O)OC)C2=CC(=O)C3=C(O2)C=C(C(=C3O)OC)O	[M+H]+	35.0	Thermo Finnigan Elite Orbitrap
CCMSLIB00005724977	CC(C)([C@@H](C[C@H]1C=C23)[C@@]33Oc(c(CC=C(C)C)c4OC(C)(C)C=Cc4c4O)c4C2=O)O[C@]3(C/C=C(/C)\C(O)=O)C1=O	[M+H]+	35.0	Thermo Finnigan Elite Orbitrap
CCMSLIB00005723486	CCC(=O)N(Cc1ccco1)C(C(=O)NC2CCCCC2)c3ccc(OC)cc3	[M+H]+	35.0	Thermo Finnigan Elite Orbitrap
CCMSLIB00005724521	C[C@@H](CC12SCC=N1)OC1OC(CC(CCC(C3CC[C@@]4(C)C(CC5O)C(CO6)=CC6=O)[C@@]45O)[C@]3(C3)C=O)C3O[C@]12O	[M-H]-	35.0	Thermo Finnigan Elite Orbitrap
CCMSLIB00005725457	CN(C)C([C@H]([C@H]([C@]([C@@]1(c2c3OC)O)(c(cc4)ccc4OC)Oc2cc2c3OCO2)c2ccccc2)[C@H]1O)=O	[M+H]+	35.0	Thermo Finnigan Elite Orbitrap
CCMSLIB00010129263	OC(C=C1)=CC=C1[C@@H](O2)[C@@H](C3=CC(O)=CC(O)=C3)C4=C2C=CC(/C=C/C5=CC(OC)=C(Cl)C(OC)=C5)=C4	[M-H]-	35.0	Thermo Finnigan Elite Orbitrap
CCMSLIB00005725318	CO/C=C(\[C@@H](C[C@H](C(C1CC2)Nc3c1cccc3)N2C1)[C@H]1C=C)/C(OC)=O	[M+H]+	35.0	Thermo Finnigan Elite Orbitrap
CCMSLIB00005725034	Oc1ccc(C(C(C2C3c(cc4)ccc4O)c4cc(O)cc(OC5c(cc6)ccc6O)c4C5c4c3c(O)cc(O)c4)c(c(O)c3)c2cc3O)cc1	[M-H]-	35.0	Thermo Finnigan Elite Orbitrap
CCMSLIB00004752965	C1CN(CC[C@@]12C(N(Cc1cccc3ccccc13)C(N2)=O)=O)Cc1cc2c(cc1[Cl])OCO2	[M+H]+	35.0	Thermo Finnigan Elite Orbitrap
CCMSLIB00005435756	CC([C@@H]([C@@H]1CSC([C@H]2CSC(c3c(O)cccc3)=N2)N1)O)(C4=N[C@](CS4)(C(O)=O)C)C	[M+H]+	35.0	Thermo Finnigan Elite Orbitrap
CCMSLIB00005724516	C[C@@H]([C@@H](CC(C1(C(C=C2OC)=O)C(Oc3c4c(O)cc(O)c3)=CC4=O)C(C)=CCC1C2=O)[C@](C)(C1)[C@H](C2)C(C)(C)C[C@H]1O)[C@@H]2O	[M-H]-	35.0	Thermo Finnigan Elite Orbitrap
CCMSLIB00005723509	CCCCC(=O)N(CCCC)C(C(=O)NCc1ccccc1)c2ccc(OC)cc2	[M+H]+	35.0	Thermo Finnigan Elite Orbitrap
CCMSLIB00005725445	CN(CC1)C(CC(C=C2)(C=CC2=O)c2c3OC)c2c1cc3O	[M+H]+	35.0	Thermo Finnigan Elite Orbitrap
CCMSLIB00005724448	COc(cc1)cc(OC)c1C(C(C(c(cc1)ccc1O)c(cc1)ccc1O)C1=COc(cc(cc2)O)c2C1=O)=O	[M-H]-	35.0	Thermo Finnigan Elite Orbitrap
CCMSLIB00009918904	OC1=CC=C([C@H]2C3=C([C@]([C@@H]2C4=CC(OC)=CC(OC)=C4)([C@@](C5=CC=C(C=C5)O)([H])OCC(C)C)[H])C=C(C=C3OC)OC)C=C1	[M-H]-	35.0	Thermo Finnigan Elite Orbitrap
CCMSLIB00005723512	CCCCN(C=O)C(C(=O)NCc1ccccc1)c2cccnc2	[M+H]+	35.0	Thermo Finnigan Elite Orbitrap
CCMSLIB00005725099	COc1c2c(OC)c(cco3)c3nc2ccc1	[M+H]+	35.0	Thermo Finnigan Elite Orbitrap
CCMSLIB00005723493	CCC(=O)N(Cc1ccco1)C(C(=O)NC2CCCCC2)c3cccnc3	[M+H]+	35.0	Thermo Finnigan Elite Orbitrap
CCMSLIB00005725435	CN(CC1)[C@@H](Cc(cc2)cc(-c(cc(C[C@@H](c3c4)NCCc3cc3c4Oc4c5O3)cc3)c3O)c2OC)c4c1c(O)c5OC	[M-H]-	35.0	Thermo Finnigan Elite Orbitrap
CCMSLIB00006717998	OC(/C=C/C1=CC(OC)=C(O[C@@](C2=CC(OC)=C(O)C=C2)([H])[C@@]3([H])[C@]4([H])[C@](C5=CC(OC)=C(O)C=C5)([H])OC6=C(OC)C=C(/C=C/C(O)=O)C=C64)C3=C1)=O	[M-H]-	35.0	Thermo Finnigan Elite Orbitrap
CCMSLIB00006717993	OC(/C=C/C1=CC(OC)=C(O[C@@](C2=CC(OC)=C(O)C=C2)([H])[C@@]3([H])[C@@]4([H])[C@@](C5=CC(OC)=C(O)C=C5)([H])OC6=C(OC)C=C(/C=C/C(O)=O)C=C64)C3=C1)=O	[M-H]-	35.0	Thermo Finnigan Elite Orbitrap
CCMSLIB00005725225	CC(CC1)C(C)(CC(c2cocc2)O)C(CCC2O)C1(C)C2(C)O	[M-H]-	35.0	Thermo Finnigan Elite Orbitrap
CCMSLIB00010013057	O=C(O)C(NC(CC(CCCCCCCCCCC)=O)=O)CCO	[M+H]+	35.0	Thermo Finnigan Elite Orbitrap
CCMSLIB00005723503	CCCCN(C(=O)CCC(C)C)C(CC)C(=O)NCc1ccccc1	[M+H]+	35.0	Thermo Finnigan Elite Orbitrap
CCMSLIB00005723487	CCCC(=O)N(Cc1ccco1)C(C(=O)NC2CCCCC2)c3ccc(OC)cc3	[M+H]+	35.0	Thermo Finnigan Elite Orbitrap
CCMSLIB00009919270	O=C(OC([C@@]1(C2=O)[C@@]([C@](OC(C3=C([H])N(C(C([H])=C3[H])=O)C([H])([H])[H])=O)([H])C([C@@](C14OC(C([H])([H])[H])([C@@](C2([H])OC(C5=C([H])N(C(C([H])=C5[H])=O)C([H])([H])[H])=O)([H])C4([H])OC(C([H])([H])[H])=O)C([H])([H])[H])([H])C([H])([H])[H])([H])[H])([H])OC(C([H])([H])[H])=O)([H])[H])[C@@](C([H])([H])[H])([H])C([H])([H])C([H])([H])[H]	[M+H]+	35.0	Thermo Finnigan Elite Orbitrap
CCMSLIB00005724974	CC(C)([C@@H](C[C@H]1C=C23)[C@@]33Oc(c(CC=C(C)C)c4OC(C)(C)C=Cc4c4O)c4C2=O)O[C@]3(C/C=C(/C)\C(O)=O)C1=O	[M-H]-	35.0	Thermo Finnigan Elite Orbitrap
CCMSLIB00005724653	CC(C)CC(C1=C(O)OC2=C(C(CC(OC)=O)c3ccccc3)C(C)(C)C(CC=C(C)C)CC2(CC=C(C)C)C1=O)=O	[M+H]+	35.0	Thermo Finnigan Elite Orbitrap
CCMSLIB00009918442	CCCCCCC(Cl)CCCC/C=C/CCC(N(C)[C@@H](COC)CO)=O	[M+H]+	35.0	Thermo Finnigan Elite Orbitrap
CCMSLIB00005723532	C/C=C/C(=O)N(Cc1ccco1)C(C(=O)NCc2ccccc2)c3ccc(OC)cc3	[M+H]+	35.0	Thermo Finnigan Elite Orbitrap
CCMSLIB00006709934	CC(C)[C@@H]1OC2=CC=C(C[C@@H](C(O)=O)NC([C@@H](NC([C@H]1NC([C@@H](N(C)C)C(C)C)=O)=O)CC3=CC=CC=C3)=O)C=C2	[M+H]+	35.0	Thermo Finnigan Elite Orbitrap
CCMSLIB00005724623	COc1ccc([C@@H]([C@H]2C(c(ccc(O)c3)c3O)=O)Oc3c2c(O)c(C(C[C@@H](c(cc2)ccc2O)O2)=O)c2c3)cc1	[M+H]+	35.0	Thermo Finnigan Elite Orbitrap
CCMSLIB00005724557	CC(OCC(Cc(cc1)cc(OC)c1O)C(Cc(cc1)cc(OC)c1O)COC(/C=C/c(cc1)cc(OC)c1O)=O)=O	[M+H]+	35.0	Thermo Finnigan Elite Orbitrap
CCMSLIB00010128992	CC(C)CC(C)NC1=CC=C(C=C1)NC2=CC=CC=C2	[M+H]+	35.0	Thermo Finnigan Elite Orbitrap
CCMSLIB00009919272	O=C(C([H])([H])[H])O[C@@]([C@]([C@@]([C@@]1([H])OC([C@](C([H])([H])[H])([H])C([H])([H])C([H])([H])[H])=O)([H])OC(C2=C([H])N(C([H])([H])[H])C(C([H])=C2[H])=O)=O)([H])C3(C([H])([H])[H])C([H])([H])[H])([H])[C@]4(O3)C(C([H])([H])[H])([H])C([H])([H])[C@@](OC(C(C([H])=C5[H])=C([H])N(C([H])([H])[H])C5=O)=O)([H])[C@@](OC(C([H])([H])[H])=O)([H])[C@]41C([H])([H])OC(C(C([H])([H])[H])([H])C([H])([H])[H])=O	[M+H]+	35.0	Thermo Finnigan Elite Orbitrap
CCMSLIB00005723466	CCCCN(C(=O)CCC)C(C(=O)NC1CCCCC1)c2ccc(OC)cc2	[M+H]+	35.0	Thermo Finnigan Elite Orbitrap
CCMSLIB00010129268	OC1=CC=C([C@H](O2)[C@H](C3=CC(O)=CC(O)=C3)C4=C2C=CC(/C=C/C5=C(I)C(O)=CC(O)=C5)=C4)C=C1	[M-H]-	35.0	Thermo Finnigan Elite Orbitrap
CCMSLIB00005723335	NCCCCN	[M+H]+	35.0	Thermo Finnigan Elite Orbitrap
CCMSLIB00005724578	CC(C)(CCC(Cc(c(OC(CC1=O)c(ccc(O)c2)c2O)c1c(O)c1)c1O)C(C)=C)O	[M+H]+	35.0	Thermo Finnigan Elite Orbitrap
CCMSLIB00005723522	CCCC(=O)N(Cc1ccco1)C(CC)C(=O)NCc2ccccc2	[M+H]+	35.0	Thermo Finnigan Elite Orbitrap
CCMSLIB00005725126	CC(C)(C1CC2)C2(C)CC1OC(/C=C/c(cc1)cc(OC)c1O)=O	[M-H]-	35.0	Thermo Finnigan Elite Orbitrap
CCMSLIB00005691901	CCC(C)[C@H]1C(=O)N([C@H](C(=O)N([C@H](C(=O)NCCC(=O)O[C@@H](C(=O)N2CCCC[C@H]2C(=O)N1)CC=C)C)C)C(C)C)C	[M+H]+	35.0	Thermo Finnigan Elite Orbitrap
CCMSLIB00005725378	CC[C@H](C[C@@H](C[C@]12C(OC)=O)C3)C2N3CCc2c1[nH]c(cc1)c2cc1OC	[M+H]+	35.0	Thermo Finnigan Elite Orbitrap
CCMSLIB00005724466	CCCC(CC(O)=O)C(C(C)(C)C(CC=C(C)C)CC12CC=C(C)C)=C1OC(O)=C(C(C(C)CC)=O)C2=O	[M-H]-	35.0	Thermo Finnigan Elite Orbitrap
CCMSLIB00005725299	CCN(CC(COC(c(cccc1)c1NC(CCC(O)=O)=O)=O)(CC1)C(C2OC)C3(C(CC(C4OC)C(C5)OC)C4C54O)C1OC)C3C24O	[M+H]+	35.0	Thermo Finnigan Elite Orbitrap
CCMSLIB00005724648	CCCCCCCCCCC/C=C\CC[C@@H]1N[C@@H](C)CCC1	[M+H]+	35.0	Thermo Finnigan Elite Orbitrap
CCMSLIB00005725223	CC(CC1)C(C)(CC(c2cocc2)=O)C2C1(C)C1(C)OC1CC2	[M+H]+	35.0	Thermo Finnigan Elite Orbitrap
CCMSLIB00009918882	OC1=CC(O)=CC(/C=C/C2=CC=C(C=C2)O[C@@H](C3=CC(OC)=CC(OC)=C3)[C@H](O)C4=CC=C(O)C=C4)=C1	[M-H]-	35.0	Thermo Finnigan Elite Orbitrap
CCMSLIB00004752974	C1CNCC[C@@H]1Cn1c(ccc1c1cccc(c1)Oc1cccc(c1)F)C(c1ccccn1)=O	[M+H]+	35.0	Thermo Finnigan Elite Orbitrap
CCMSLIB00005724902	CC(C)(C1CC2)C2(C)CC1OC(/C=C/c(cc1)ccc1O)=O	[M+H]+	35.0	Thermo Finnigan Elite Orbitrap
CCMSLIB00005724691	CC(C)C(C1=C(O)OC2=C(C(CC(O)=O)c3ccccc3)C(C)(C)C(CC=C(C)C)CC2(CC=C(C)C)C1=O)=O	[M+H]+	35.0	Thermo Finnigan Elite Orbitrap
CCMSLIB00005724918	CN(CC1)C(C2)c3c1cc1OCOc1c3-c(cc1OC)c2cc1OC	[M+H]+	35.0	Thermo Finnigan Elite Orbitrap
CCMSLIB00009918886	OC1=CC=C([C@H]2C3=C([C@]([C@@H]2C4=CC(OC)=CC(OC)=C4)([C@@](C5=CC=C(C=C5)O)([H])OCCCC)[H])C=C(C=C3O)O)C=C1	[M-H]-	35.0	Thermo Finnigan Elite Orbitrap
CCMSLIB00005723536	CCCC(=O)N(Cc1ccco1)C(C(=O)NCc2ccccc2)c3cccnc3	[M+H]+	35.0	Thermo Finnigan Elite Orbitrap
CCMSLIB00010013065	CC1=C2C(=C(C(=C1O)O)O)CN(C2=O)[C@@H](CC(C)C)C(=O)O	[M+H]+	35.0	Thermo Finnigan Elite Orbitrap
CCMSLIB00005723499	CCCCN(C(C)=O)C(CC)C(=O)NCc1ccccc1	[M+H]+	35.0	Thermo Finnigan Elite Orbitrap
CCMSLIB00005723450	CCCOC(=O)C(N)CC(C)C	[M+H]+	35.0	Thermo Finnigan Elite Orbitrap
CCMSLIB00009918416	COC1=C(C=CC(=C1)C2=CC(=O)C3=C(O2)C=C(C(=C3O)OC)O)O	[M+H]+	35.0	Thermo Finnigan Elite Orbitrap
CCMSLIB00010129715	CC1=C2C(=CC=C3C2=CC(=O)C(=C3C)O)C4(CCC5(CCC(CC5C4(C1)C)(C)C(=O)OC)C)C	[M+H]+	35.0	Thermo Finnigan Elite Orbitrap
CCMSLIB00011428641	[H][C@]1([C@H](CC2=CNC3=CC=CC=C32)NC4=O)[C@]4(C(/C=C/C5=O)=O)[C@](/C=C/C[C@H](C)/C=C(C)/C5O)([H])[C@H](O)[C@](O)(C)[C@H]1C	[M+H]+	35.0	Thermo Finnigan Elite Orbitrap
CCMSLIB00004681478	CC1=CC(=O)C2=C(O1)C=C3C(=C2O)C(=O)C(=C(C3=O)OC)C4=C(C(=O)C5=CC6=C(C(=O)C=C(O6)C)C(=C5C4=O)O)OC	[M+H]+	35.0	Thermo Finnigan Elite Orbitrap
CCMSLIB00005725551	CCC1=CC2CC(C3=C(CCN(C2)C1)C4=CC=CC=C4N3)(C5=C(C=C6C(=C5)C78CCN9C7C(C=CC9)(C(C(C8N6C)(C(=O)OC)O)OC(=O)C)CC)OC)C(=O)OC	[M+H]+	35.0	Thermo Finnigan Elite Orbitrap
CCMSLIB00009918864	OC(C=C1)=CC=C1[C@@H](O2)[C@@H](C3=CC(O)=CC(O)=C3)C4=C2C=CC(/C=C/C5=CC(O)=CC(O)=C5)=C4	[M-H]-	35.0	Thermo Finnigan Elite Orbitrap
CCMSLIB00010129273	OC(C=C1)=CC=C1[C@@H](O2)[C@@H](C3=C(I)C(O)=CC(O)=C3)C4=C2C=CC(/C=C/C5=CC(OC)=CC(OC)=C5)=C4	[M-H]-	35.0	Thermo Finnigan Elite Orbitrap
CCMSLIB00009918887	COC1=CC([C@@H]([C@@]2([H])[C@](OCCCC)([H])C3=CC=C(O)C=C3)[C@@H](C4=CC=C(O)C=C4)C5=C2C=C(O)C=C5O)=CC(OC)=C1	[M-H]-	35.0	Thermo Finnigan Elite Orbitrap
CCMSLIB00006717995	OC(/C=C/C1=CC2=C(O[C@@](C3=CC(OC)=C(O)C=C3)([H])[C@@]2([H])C(O)=O)C(OC)=C1)=O	[M-H]-	35.0	Thermo Finnigan Elite Orbitrap
CCMSLIB00005723460	CCCCC(=O)N(CCCC)C(CC)C(=O)NC1CCCCC1	[M+H]+	35.0	Thermo Finnigan Elite Orbitrap
CCMSLIB00005778360	COC(=O)C1=COC(OC2OC(CO)C(O)C(O)C2O)C2C1C(O)C=C2COC(=O)\C=C\c1ccc(O)cc1 |c:26,t:4|	[M-H]-	35.0	Thermo Finnigan Elite Orbitrap
CCMSLIB00005724961	CN(CC1)C(C2)c3c1cc1OCOc1c3-c(cc1)c2cc1OC	[M+H]+	35.0	Thermo Finnigan Elite Orbitrap
CCMSLIB00009918916	OC1=CC(O)=CC(/C=C/C2=CC=C(C=C2)O[C@@H](C3=CC(OC)=CC(OC)=C3)[C@H](OC)C4=CC=C(O)C=C4)=C1	[M-H]-	35.0	Thermo Finnigan Elite Orbitrap
CCMSLIB00004681492	CN1C=NC2=C1C(=O)N(C(=O)N2C)C	[M+H]+	35.0	Thermo Finnigan Elite Orbitrap
CCMSLIB00005723463	CCCCN(C=O)C(C(=O)NC1CCCCC1)c2ccc(OC)cc2	[M+H]+	35.0	Thermo Finnigan Elite Orbitrap
CCMSLIB00005725138	C[C@H](CO)C(C([C@H]([C@H](C)[C@H]([C@@H](C1)OC(C)=O)[C@](C)(CC2)[C@@]1(C)[C@@H](C1OC1[C@@H]1[C@H]3C)[C@@]2(C2)[C@@]12C=CC3=O)OC(C)=O)=O)=C	[M+H]+	35.0	Thermo Finnigan Elite Orbitrap
CCMSLIB00005723365	CC(C)CC(C(=O)NCCCC=CC=CC(=CC=CC=C(C)C(CC(=O)NC(=CC=CC=CC(C)C(=O)O)C)O)C)O	[M+H]+	35.0	Thermo Finnigan Elite Orbitrap
CCMSLIB00005723534	CC(=O)N(Cc1ccco1)C(C(=O)NCc2ccccc2)c3cccnc3	[M+H]+	35.0	Thermo Finnigan Elite Orbitrap
CCMSLIB00010013016	COC1=C(CC(CC1=NCC(=O)O)(CO)O)NCCO	[M+H]+	35.0	Thermo Finnigan Elite Orbitrap
CCMSLIB00005725053	COc1cc(-c(c(C(C2)NCC3)c3cc3O)c3OC)c2cc1O	[M+H]+	35.0	Thermo Finnigan Elite Orbitrap
CCMSLIB00010129272	OC(C=C1)=CC=C1[C@@H](O2)[C@@H](C3=CC(O)=C(I)C(O)=C3)C4=C2C=CC(/C=C/C5=CC(OC)=CC(OC)=C5)=C4	[M-H]-	35.0	Thermo Finnigan Elite Orbitrap
CCMSLIB00005723496	CC(C)CCC(=O)N(Cc1ccco1)C(C(=O)NC2CCCCC2)c3cccnc3	[M+H]+	35.0	Thermo Finnigan Elite Orbitrap
CCMSLIB00005725176	COc(c(oc1c2cccc1)c2c(-c(c(O)c1O)c(c(cccc2)c2o2)c2c1OC)c1O)c1O	[M-H]-	35.0	Thermo Finnigan Elite Orbitrap
CCMSLIB00005435933	CC1=NCC[C@H](N1)C(=O)O	[M+H]+	35.0	Thermo Finnigan Elite Orbitrap
CCMSLIB00009918873	OC(C=C1)=CC=C1[C@@H](O2)[C@@H](C3=CC(O)=CC(O)=C3)C4=C2C=CC(/C=C/C5=CC(OC)=CC(OC)=C5)=C4	[M-H]-	35.0	Thermo Finnigan Elite Orbitrap
CCMSLIB00005720251	O=C(N[C@@H](CC(C)C)C(N[C@H](CC(C)C)C(N[C@H]1CC(C)C)=O)=O)[C@H]([C@@H](C)CC)NC([C@@H](CC2=CC=C(O)C=C2)NC([C@@H]([C@@H](C)CC)NC1=O)=O)=O	[M+H]+	35.0	Thermo Finnigan Elite Orbitrap
CCMSLIB00005720259	O=C(N[C@@H](CC(C)C)C(N[C@H](CC(C)C)C(N[C@H]1C(C)C)=O)=O)[C@@H](C(C)C)NC([C@@H]([C@@H](C)CC)NC([C@H](CC(C)C)NC1=O)=O)=O	[M+H]+	35.0	Thermo Finnigan Elite Orbitrap
CCMSLIB00005723530	CCCCC(=O)N(Cc1ccco1)C(C(=O)NCc2ccccc2)c3ccc(OC)cc3	[M+H]+	35.0	Thermo Finnigan Elite Orbitrap
CCMSLIB00005725001	C[C@@H](CO)C(C([C@@H]([C@@H](C)[C@@H]([C@H](C1)OC(C)=O)[C@@](C)(CC2)[C@]1(C)[C@H](CC[C@H]1[C@@H]3C)[C@@]2(C2)[C@@]12C=CC3=O)O)=O)=C	[M-H]-	35.0	Thermo Finnigan Elite Orbitrap
CCMSLIB00005724962	COc(cc(CCNC1Cc(cc2)ccc2O)c1c1)c1O	[M+H]+	35.0	Thermo Finnigan Elite Orbitrap
CCMSLIB00011428497	CC1C(=O)NC(C(=O)NCCCCC(C(=O)NC(C(=O)NC(C(=O)N1C)CCC2=CC=C(C=C2)O)C(C)C)NC(=O)NC(CCCN=C(N)N)C(=O)O)CC3=CC=CC=C3	[M+H]+	35.0	Thermo Finnigan Elite Orbitrap
CCMSLIB00005725104	COc1cc2c(cc(c(OC)c3)OC)c3c(CC(CCC3)N3C3)c3c2cc1	[M+H]+	35.0	Thermo Finnigan Elite Orbitrap
CCMSLIB00005724513	CC(C)(C[C@@H](C1)O)[C@H](CCC2(C)O)[C@@]1(C)[C@]2(CC(C1(C(C=C2OC)=O)C(Oc3c4c(O)cc(O)c3)=CC4=O)C(C)=CCC1C2=O)O	[M-H]-	35.0	Thermo Finnigan Elite Orbitrap
CCMSLIB00003142411	CC(C)CCCCCCC(=O)NCC1=CC(=C(C=C1)O)OC	[M+H]+	35.0	Thermo Finnigan Elite Orbitrap
CCMSLIB00005724630	COc1ccc([C@@H]([C@@H]2C(c(ccc(O)c3)c3O)=O)Oc3c2c(O)c(C(C[C@@H](c(cc2)ccc2O)O2)=O)c2c3)cc1	[M+H]+	35.0	Thermo Finnigan Elite Orbitrap
CCMSLIB00010128699	OC(CC[C@H]1[C@@H](C2=N/C1=C([C@@H](O)C3=O)\C4=C3C(C)=C(N4)/C=C5N=C(C(C)=C\5CC)/C=C(N/6)/C(CO)=C(C6=C\2)C)C)=O	[M+H]+	35.0	Thermo Finnigan Elite Orbitrap
CCMSLIB00008851497	CCCCCC1C(C(OC(=O)C(C(OC1=O)C)NC(=O)C2=C(C(=CC=C2)NC=O)O)C)OC(=O)CC(C)C	[M+H]+	35.0	Thermo Finnigan Elite Orbitrap
CCMSLIB00006718050	BrC1=CC(Br)=C(NC(N2C(C=CC(Br)=C3)=C3C(Br)=C2Br)=C4C#N)C4=C1	[M-H]-	35.0	Thermo Finnigan Elite Orbitrap
CCMSLIB00010129521	OC(CCCCC(C)(O)CC)=O	[M-H]-	35.0	Thermo Finnigan Elite Orbitrap
CCMSLIB00010129259	OC1=CC=C([C@H](O2)[C@H](C3=CC(O)=CC(O)=C3)C4=C2C=CC(/C=C/C5=C(Cl)C(O)=CC(O)=C5)=C4)C=C1	[M-H]-	35.0	Thermo Finnigan Elite Orbitrap
CCMSLIB00009918880	OC1=CC=C([C@H]2C3=C([C@]([C@@H]2C4=CC(O)=CC(O)=C4)([C@@](C5=CC=C(C=C5)O)([H])OCCCC)[H])C=C(C=C3O)O)C=C1	[M-H]-	35.0	Thermo Finnigan Elite Orbitrap
CCMSLIB00005691873	CCC(C)[C@@H]1C(=O)N([C@@H](C(=O)N([C@@H](C(=O)NCCC(=O)OC(C(=O)N2CCC[C@H]2C(=O)N1)CC(CCl)O)C)C)C(C)C)C	[M+H]+	35.0	Thermo Finnigan Elite Orbitrap
CCMSLIB00011428626	[H][C@]1([C@H](CC2=CNC3=CC=CC=C32)NC4=O)[C@]4(C(CC[C@H](O)C5=O)=O)[C@](/C=C/C[C@H](C)/C=C5\C)([H])C=C(CO)[C@H]1C	[M+H]+	35.0	Thermo Finnigan Elite Orbitrap
CCMSLIB00005691874	CCC(C)C1NC(=O)C2CCCN2C(=O)C(CC=C)OC(=O)CCNC(=O)C(C)N(C)C(=O)C(NC1=O)C(C)C	[M+H]+	35.0	Thermo Finnigan Elite Orbitrap
CCMSLIB00005720245	O=C(N[C@@H](CC(C)C)C(N[C@H](CC(C)C)C(N[C@H]1CC(C)C)=O)=O)[C@H](C(C)C)NC([C@@H](CC2=CC=C(O)C=C2)NC([C@@H](C(C)C)NC1=O)=O)=O	[M+H]+	35.0	Thermo Finnigan Elite Orbitrap
CCMSLIB00004684204	O=C(N[C@@H](CC1=CC=CC=C1)C(O)=O)CCCCCCC/C=C\CCCCCC	[M+H]+	35.0	Thermo Finnigan Elite Orbitrap
CCMSLIB00010129252	OC1=CC=C([C@H](O2)[C@H](C3=C(Br)C(O)=CC(O)=C3)C4=C2C=CC(/C=C/C5=C(Br)C(O)=CC(O)=C5)=C4)C=C1	[M-H]-	35.0	Thermo Finnigan Elite Orbitrap
CCMSLIB00011428628	[H][C@]1([C@H](CC2=CNC3=CC=CC=C32)NC4=O)[C@]4(C(/C=C/C5=O)=O)[C@](/C=C/C[C@H](C)/C=C(C)/C5O)([H])C(O)C(C)=C1C	[M+H]+	35.0	Thermo Finnigan Elite Orbitrap
CCMSLIB00005724441	C/C=C(/C([C@@]1(C=C[C@H]2[C@@H]11)O3)O[C@H]1OC=C2C(OC)=O)\C3=O	[M-H]-	35.0	Thermo Finnigan Elite Orbitrap
CCMSLIB00009918429	CC(C(=O)C1CC1C(C2CC=CC(=O)O2)O)OC(=O)C=CC3=CC(=C(C=C3)O)O	[M+H]+	35.0	Thermo Finnigan Elite Orbitrap
CCMSLIB00005691875	CCC(C)C1NC(=O)C2CCCN2C(=O)C(CC(C)C)OC(=O)CCNC(=O)C(C)N(C)C(=O)C(NC1=O)C(C)C	[M+H]+	35.0	Thermo Finnigan Elite Orbitrap
CCMSLIB00005724418	CC(C)(C(CC/C(/C)=C/CC/C(/C)=C/CC/C=C(\C)/CC/C=C(\C)/CCC(C(C)(CO)O)O)O)O	[M-H]-	35.0	Thermo Finnigan Elite Orbitrap
CCMSLIB00010013061	O=C(O)C(NC(CCCCC/C=C/CCCCCCCC)=O)CCO	[M+H]+	35.0	Thermo Finnigan Elite Orbitrap
CCMSLIB00005435758	O=C(O[C@H]1C[C@H](C=C2C=C[C@@H]([C@@H]([C@@H]12)CC[C@@H]3C[C@H](CC(O3)=O)OC(C)=O)C)C)C(C)CC	[M+H]+	35.0	Thermo Finnigan Elite Orbitrap
CCMSLIB00005724287	CN1C(C(=O)N(C(C1=O)CC2=CNC3=C2C(=CC=C3)[N+](=O)[O-])C)CC4=CC=CC=C4	[M-H]-	35.0	Thermo Finnigan Elite Orbitrap
CCMSLIB00009918893	OC1=CC=C([C@H]2C3=C([C@@]([C@@]([H])(C4=CC=C(C=C4)O)OCCCC)([C@@H]2C5=CC(OC)=CC(OC)=C5)[H])C=C(C=C3OC)OC)C=C1	[M-H]-	35.0	Thermo Finnigan Elite Orbitrap
CCMSLIB00005691878	CCC(C)C1C(=O)N(C(C(=O)N(C(C(=O)NCCC(=O)OC(C(=O)N2CCCC2C(=O)N1)CC(C)C)C)C)C(C)C)C	[M+H]+	35.0	Thermo Finnigan Elite Orbitrap
CCMSLIB00005724894	CC(C)C(C(C=C(CO)C1=O)OC(C)=O)C1OC(/C(/C)=C/COC(C)=O)=O	[M+H]+	35.0	Thermo Finnigan Elite Orbitrap
CCMSLIB00005723495	CCCCC(=O)N(Cc1ccco1)C(C(=O)NC2CCCCC2)c3cccnc3	[M+H]+	35.0	Thermo Finnigan Elite Orbitrap
CCMSLIB00009918898	OC1=CC=C([C@H]2C3=C([C@@]([C@@]([H])(C4=CC=C(C=C4)O)OCC(C)C)([C@@H]2C5=CC(OC)=CC(OC)=C5)[H])C=C(C=C3O)O)C=C1	[M-H]-	35.0	Thermo Finnigan Elite Orbitrap
CCMSLIB00005788089	C[CH]1CN(C(=O)CC2=C(C=CC(=C2)NC(=O)CCN3CCOCC3)O[CH]1CN(C)CC4=CC=NC=C4)[CH](C)CO	[M-H]-	35.0	Thermo Finnigan Elite Orbitrap
CCMSLIB00009918862	OC1=CC=C([C@@H]2[C@@H]([C@H]([C@H](C3=CC=C(C=C3)O)O2)C4=CC(O)=CC(O)=C4)C5=CC(OC)=CC(OC)=C5)C=C1	[M-H]-	35.0	Thermo Finnigan Elite Orbitrap
CCMSLIB00005724507	CC(C)(C[C@H](C1)O)[C@@H](C[C@H]2O)[C@]1(C)[C@H](CC(C1(C(C=C3OC)=O)C(Oc4c5c(O)cc(O)c4)=CC5=O)C(C)=CCC1C3=O)C2=C	[M-H]-	35.0	Thermo Finnigan Elite Orbitrap
CCMSLIB00009918928	OC1=CC(O)=CC(/C=C/C2=CC=C(C=C2)O[C@@H](C3=CC(O)=CC(O)=C3)[C@H](OCC)C4=CC=C(O)C=C4)=C1	[M-H]-	35.0	Thermo Finnigan Elite Orbitrap
CCMSLIB00005778361	C1=CC(=CC=C1C2=CC(=O)C3=C(C=C(C=C3O2)OC4C(C(C(C(O4)COC(=O)CC(=O)O)O)O)O)O)O	[M+H]+	35.0	Thermo Finnigan Elite Orbitrap
CCMSLIB00005725455	CN(CC1)C(CC(C=CC2=O)(C=C2Oc2ccc(CC3N(C)CCc(cc4OC)c3cc4O)cc2)c2c3OC)c2c1cc3OC	[M+H]+	35.0	Thermo Finnigan Elite Orbitrap
CCMSLIB00005725480	CN(CC1([C@H]2C3COC4C2)C=C)C3C1[C@]4(c(cccc1)c1N1)C1=O	[M+H]+	35.0	Thermo Finnigan Elite Orbitrap
CCMSLIB00010013069	COC(=O)C(CC(C)C)N1CC2=C(C1=O)C(O)=C(O)C(O)=C2C	[M+H]+	35.0	Thermo Finnigan Elite Orbitrap
CCMSLIB00003165117	O=C1CC2(C)C(CCC34C2C(OC5(COC(C6O)OC(CO)C(O)C6O)C4)CC5C3)C7=C1OC=C7	[M+H]+	35.0	Thermo Finnigan Elite Orbitrap
CCMSLIB00010013052	O=C(O)C(NC(CCCCCCCCCCCC)=O)CCO	[M+H]+	35.0	Thermo Finnigan Elite Orbitrap
CCMSLIB00005725269	CC(C(C(C1)O2)C(C)(CCC3C(C)(C(C(C(C4O)O)O)O)C4(C4=O)O)C1C3C4O)C21OCC(C)CC1	[M-H]-	35.0	Thermo Finnigan Elite Orbitrap
CCMSLIB00010129255	OC(C=C1)=CC=C1[C@@H](O2)[C@@H](C3=C(Br)C(O)=CC(O)=C3)C4=C2C=CC(/C=C/C5=C(Br)C(OC)=CC(OC)=C5)=C4	[M-H]-	35.0	Thermo Finnigan Elite Orbitrap
CCMSLIB00005788079	COC1=C(C=CC(=C1)C2CC(=O)C3=C(C=C(C=C3O2)OC4C(C(C(C(O4)CO)O)O)OC5C(C(CO5)(COC6C(C(CO6)(CO)O)O)O)O)O)O	[M-H]-	35.0	Thermo Finnigan Elite Orbitrap
CCMSLIB00005723535	CCC(=O)N(Cc1ccco1)C(C(=O)NCc2ccccc2)c3cccnc3	[M+H]+	35.0	Thermo Finnigan Elite Orbitrap
CCMSLIB00009918881	OC1=CC=C([C@H]2C3=C([C@@]([C@@]([H])(C4=CC=C(C=C4)O)OCCCC)([C@@H]2C5=CC(O)=CC(O)=C5)[H])C=C(C=C3O)O)C=C1	[M-H]-	35.0	Thermo Finnigan Elite Orbitrap
CCMSLIB00005725432	CN(CCc1c2)C(Cc(cc3)cc(-c(cc(CC4N(C)CCc(c(OC)c5OC)c44)cc6)c6OC)c3O)c1cc1c2Oc5c4O1	[M+H]+	35.0	Thermo Finnigan Elite Orbitrap
CCMSLIB00010127351	C1CCN2CC3CC(C2C1)CN4C3CCCC4=O	[M+H]+	35.0	Thermo Finnigan Elite Orbitrap
CCMSLIB00003740006	CN1CCC2(C1NC3=CC=CC=C23)O	[M+H]+	35.0	Thermo Finnigan Elite Orbitrap
CCMSLIB00005725449	CN(CCc1c2)C(Cc3cc(Oc4c(C(Cc5cccc(OC)c5O5)N(C)CC6)c6cc(OC)c4OC)ccc3)c1cc5c2OC	[M+H]+	35.0	Thermo Finnigan Elite Orbitrap
CCMSLIB00011428625	[H][C@]1([C@H](CC2=CNC3=CC=CC=C32)NC4=O)[C@]4(C(/C=C/C5=O)=O)[C@](/C=C/C[C@H](C)/C=C(C)/C5O)([H])C=C(CO)[C@H]1C	[M+H]+	35.0	Thermo Finnigan Elite Orbitrap
CCMSLIB00005725109	CC(C)(CCC1)C(CC2O)C1(COC(C)=O)C(C(CC(C1O)C3=C)O)C12C3=O	[M-H]-	35.0	Thermo Finnigan Elite Orbitrap
CCMSLIB00005716879	CCCC1CC(C(NC(C(Cl)C)C2C(O)C(O)C(O)C(S(C)(=O)=O)O2)=O)N(C)C1	[M+H]+	35.0	Thermo Finnigan Elite Orbitrap
CCMSLIB00005724416	O[C@@H]([C@H](COC(/C=C/c(cc1)ccc1O)=O)O[C@@H]([C@H]1OC(/C=C/c(cc2)ccc2O)=O)Oc(cc2O)cc(OC(c(cc3)ccc3O)=C3)c2C3=O)[C@H]1O	[M-H]-	35.0	Thermo Finnigan Elite Orbitrap
CCMSLIB00005724531	COc(cc1)c(/C=C/[N+]([O-])=O)c([N+]([O-])=O)c1OC	[M-H]-	35.0	Thermo Finnigan Elite Orbitrap
CCMSLIB00007784647	[H][C@@]12C[C@H]([C@]34C=C([C@@H]([C@]3([C@@H](C(COC(C)=O)=C[C@@H]([C@@]1(C2(C)C)[H])C4=O)O)O)OC(/C(C)=C\C)=O)C)C	[M+H]+	35.0	Thermo Finnigan Elite Orbitrap
CCMSLIB00005723455	CCCCOC(=O)C(N)Cc1c[nH]cn1	[M+H]+	35.0	Thermo Finnigan Elite Orbitrap
CCMSLIB00005720266	CCCCC(CC)COC(=O)C=CC1=CC=C(C=C1)OC	[M+H]+	35.0	Thermo Finnigan Elite Orbitrap
CCMSLIB00005723459	CCCCN(C(=O)CCC)C(CC)C(=O)NC1CCCCC1	[M+H]+	35.0	Thermo Finnigan Elite Orbitrap
CCMSLIB00005725095	CC(CC1CC2CCC3)CC(C(CC4)O)N1C4N2C3=O	[M+H]+	35.0	Thermo Finnigan Elite Orbitrap
CCMSLIB00010129250	OC1=CC=C(C(O2)=C(C3=CC(OC)=CC(OC)=C3)C4=C2C=CC(/C=C/C5=CC(OC)=CC(OC)=C5)=C4)C=C1	[M+H]+	35.0	Thermo Finnigan Elite Orbitrap
CCMSLIB00004752981	CN(C)C(c1c(c2cc3ccccc3o2)sc(c2ccc(cc2)N2CCNCC2)n1)=O	[M+H]+	35.0	Thermo Finnigan Elite Orbitrap
CCMSLIB00009918869	OC1=CC=C([C@H]2C3=C([C@]([C@@H]2C4=CC(OC)=CC(OC)=C4)([C@@](C5=CC=C(C=C5)O)([H])OC(C)C)[H])C=C(C=C3O)O)C=C1	[M-H]-	35.0	Thermo Finnigan Elite Orbitrap
CCMSLIB00010129242	OC1=CC([C@H]([C@@H](C2=CC=C(OC)C=C2)O3)C4=C3C=CC(/C=C/C5=CC(O)=CC(O)=C5)=C4)=CC(O)=C1	[M-H]-	35.0	Thermo Finnigan Elite Orbitrap
CCMSLIB00010013058	O=C(O)C(NC(CCCCCCCCCCCCCC)=O)CCO	[M+H]+	35.0	Thermo Finnigan Elite Orbitrap
CCMSLIB00005724826	CC(C)(/C=C/C([C@](C)([C@H]([C@H](C1)O)[C@](C)(C2)[C@@]1(C)C(CC=C(C1C=C3O)C(C)(C)C3=O)[C@]1(C)C2=O)O)=O)O	[M-H]-	35.0	Thermo Finnigan Elite Orbitrap
CCMSLIB00005724312	CC1CN(C)CC2C(CO)CCC12	[M+H]+	35.0	Thermo Finnigan Elite Orbitrap
CCMSLIB00005723480	CCCC(=O)N(Cc1ccco1)C(CC)C(=O)NC2CCCCC2	[M+H]+	35.0	Thermo Finnigan Elite Orbitrap
CCMSLIB00009918909	COC1=CC([C@](C(OC)OC)([H])[C@@](C(C2=CC=C(C=C2)O)C3=CC=C(C=C3)O)([H])C4=CC(O)=CC(O)=C4)=CC(OC)=C1	[M-H]-	35.0	Thermo Finnigan Elite Orbitrap
CCMSLIB00011428624	[H][C@]1([C@H](CC2=CNC3=CC=CC=C32)NC4=O)[C@]4(C(CC[C@H](O)C5=O)=O)[C@](/C=C/C[C@H](C)/C=C5\C)([H])C=C(C)[C@H]1C	[M+H]+	35.0	Thermo Finnigan Elite Orbitrap
CCMSLIB00011428639	[H][C@]1([C@H](CC2=CNC3=CC=CC=C32)NC4=O)[C@]4(C(CCC5=O)=O)[C@](/C=C/C[C@H](C)/C=C(C)/C5=O)([H])C(O6)C6(C)[C@H]1C	[M+H]+	35.0	Thermo Finnigan Elite Orbitrap
CCMSLIB00005691906	CCC(C)[C@H]1C(=O)N([C@H](C(=O)N([C@H](C(=O)NCCC(=O)OC(C(=O)N2CCC[C@H]2C(=O)N1)CC(C)O)C)C)C(C)C)C	[M+H]+	35.0	Thermo Finnigan Elite Orbitrap
CCMSLIB00005724764	C[C@@H](CC12SCCN1)OC1OC(CC(CCC(C3CC[C@@]4(C)C(CC5)C(CO6)=CC6=O)[C@@]45O)[C@]3(C3)C=O)C3O[C@]12O	[M+H]+	35.0	Thermo Finnigan Elite Orbitrap
CCMSLIB00011287226	O=C(O)[C@@H](O)[C@]1(O)[C@@H](C)[C@H](OC)[C@@](C)(OC)[C@@](C[C@@](C[C@@H](OC)[C@H]2C)([H])O[C@]32[C@@H](C)[C@H](OC)[C@](C)([C@]4([H])CC[C@@]([C@]5([H])O[C@]([C@]6([H])[C@@H](C)[C@H](O[C@@]7([H])CC[C@H](OC)[C@@H](C)O7)[C@@H](C)[C@@](C)(OC)O6)([H])CC5)([H])O4)O3)([H])O1	[M-H]-	35.0	Thermo Finnigan Elite Orbitrap
CCMSLIB00009918897	OC1=CC(O)=CC(/C=C/C2=CC=C(C=C2)O[C@@H](C3=CC(O)=CC(O)=C3)[C@H](OCC(C)C)C4=CC=C(O)C=C4)=C1	[M-H]-	35.0	Thermo Finnigan Elite Orbitrap
CCMSLIB00005723456	CCCCN(C=O)C(CC)C(=O)NC1CCCCC1	[M+H]+	35.0	Thermo Finnigan Elite Orbitrap
CCMSLIB00010013017	OC(CC(NCC(O)=O)=C/1OC)(CO)CC1=N/CC(C)O	[M+H]+	35.0	Thermo Finnigan Elite Orbitrap
CCMSLIB00011428640	[H][C@]1([C@H](CC2=CNC3=CC=CC=C32)NC4=O)[C@]4(C(CC[C@H](O)C5=O)=O)[C@](/C=C/C[C@H](C)/C=C5\C)([H])C(O)C(C)=C1C	[M+H]+	35.0	Thermo Finnigan Elite Orbitrap
CCMSLIB00009918888	OC1=CC(O)=CC(/C=C/C2=CC=C(C=C2)O[C@@H](C3=CC(OC)=CC(OC)=C3)[C@@H](OCCCC)C4=CC=C(O)C=C4)=C1	[M-H]-	35.0	Thermo Finnigan Elite Orbitrap
CCMSLIB00009919002	C1=CC=C(C(=C1)C(=O)O)N=NC2=CC=C(C=C2)O	[M+H]+	35.0	Thermo Finnigan Elite Orbitrap
CCMSLIB00010129247	OC1=CC=C(C(O2)=C(C3=CC(O)=CC(O)=C3)C4=C2C=CC(/C=C/C5=CC(O)=CC(O)=C5)=C4)C=C1	[M-H]-	35.0	Thermo Finnigan Elite Orbitrap
CCMSLIB00005724927	CC(C)(/C=C/C(C(C)(C(C(C1)O)C(C)(CC2=O)C1(C)C(CC=C1C3(C)C)C2(C)C1=COC3=O)O)=O)OC(C)=O	[M+H]+	35.0	Thermo Finnigan Elite Orbitrap
CCMSLIB00005725127	CC(C)(C1CC2)C2(C)CC1OC(/C=C/c(cc1)cc(OC)c1O)=O	[M+H]+	35.0	Thermo Finnigan Elite Orbitrap
CCMSLIB00005723488	CCCCC(=O)N(Cc1ccco1)C(C(=O)NC2CCCCC2)c3ccc(OC)cc3	[M+H]+	35.0	Thermo Finnigan Elite Orbitrap
CCMSLIB00005691896	CCC(C)C1C(=O)N(C(C(=O)N(C(C(=O)NCCC(=O)OC(C(=O)N2CCCCC2C(=O)N1)CC(C)C(=O)O)C)C)C(C)C)C	[M+H]+	35.0	Thermo Finnigan Elite Orbitrap
CCMSLIB00005724681	CCC(C)C(C1=C(O)OC2=C(C(CC(O)=O)c3ccccc3)C(C)(C)C(CC=C(C)C)CC2(CC=C(C)C)C1=O)=O	[M+H]+	35.0	Thermo Finnigan Elite Orbitrap
CCMSLIB00005724504	C[C@](CCC1)([C@H](CC(C2(C(C=C3OC)=O)C(Oc4c5c(O)cc(O)c4)=CC5=O)C(C)=CCC2C3=O)C([C@@H](C2)O)=C)[C@H]2[C@@]1(C)C(O)=O	[M-H]-	35.0	Thermo Finnigan Elite Orbitrap
CCMSLIB00010129238	OC(C=C1)=CC=C1[C@@H](O2)[C@@H](C3=CC(O)=CC(O)=C3)C4=C2C=CC(/C=C\C5=CC(OC)=CC(OC)=C5)=C4	[M-H]-	35.0	Thermo Finnigan Elite Orbitrap
CCMSLIB00010129262	OC1=CC=C([C@H](O2)[C@H](C3=CC(OC)=CC(OC)=C3)C4=C2C=CC(/C=C/C5=C(Cl)C(O)=CC(O)=C5Cl)=C4)C=C1	[M-H]-	35.0	Thermo Finnigan Elite Orbitrap
CCMSLIB00009918868	O[C@@H](C1=CC=C(O)C=C1)[C@H](C2=CC(O)=CC(O)=C2)OC(C=C3)=CC=C3/C=C/C4=CC(OC)=CC(OC)=C4	[M-H]-	35.0	Thermo Finnigan Elite Orbitrap
CCMSLIB00005724819	CCCCCCCCCCCCCCC(C(CCC(C1OC(CCCCCC(CC2=CC(C)OC2=O)O)CC1)O)O)O	[M-H]-	35.0	Thermo Finnigan Elite Orbitrap
CCMSLIB00006717991	O=C(O)/C=C/C1=CC(OC)=C(OC([C@H](O)C2=CC(OC)=C(O)C=C2)OC3=C(OC)C=C(/C=C/C(O)=O)C=C3)C=C1	[M-H]-	35.0	Thermo Finnigan Elite Orbitrap
CCMSLIB00005434451	CCC1C(C(C(N(CC(CC(C(C(C(C(C(=O)O1)C)OC2CC(C(C(O2)C)O)(C)OC)C)OC3C(C(CC(O3)C)N(C)C)O)(C)O)C)C)C)O)(C)O	[M+H]+	35.0	Thermo Finnigan Elite Orbitrap
CCMSLIB00005724965	CC(C)(CCC([C@](C)(C([C@H](C1)O)[C@](C)(C2)[C@@]1(C)C(CC=C(C1C[C@H]3O)C(C)(C)[C@H]3O)[C@]1(C)C2=O)O)=O)OC(C)=O	[M-H]-	35.0	Thermo Finnigan Elite Orbitrap
